,time_of_day,temperature,cloud_cover,wind_speed,energy_production
0,8.9889628523367,14.628323220965491,26.170568373590598,20.18108982626694,44.482594131630734
1,22.817143353837988,23.54752368445895,24.697879907199983,23.90044191574117,4.677088379494011
2,17.567854603473723,31.823645896910207,90.62545805210367,7.514036963774969,0.0
3,14.367803620728878,28.30562216023903,24.95461998495061,18.74622298820997,2.7299907608767393
4,3.7444473706184764,30.164028696536242,27.1949726128631,17.15237949431246,1.2733343187202237
5,3.7438684880688635,26.469584167767934,75.93982624179637,24.984911303648133,3.2789737512070825
6,1.394006692036787,27.306914112946313,44.973984245054,27.182611814437816,2.8371322473757514
7,20.788227498598445,31.229891289132983,77.67105569551812,0.3647031443216042,0.0
8,14.426760281837012,16.241700221479647,6.536615756438524,20.22059757176378,27.254393009879134
9,16.993741867105093,22.235624091078513,48.75711936733843,1.5550739735918706,7.31531857887034
10,0.4940278630992587,15.530236045490057,3.3613600183282633,16.465759952320678,33.75311564823249
11,23.277836451887865,34.69170019991617,6.265320345535452,8.628981871310346,0.0
12,19.97862337921012,33.60148349216533,90.64374533444109,9.203297985664236,0.0
13,5.096138656278628,10.985670284212647,13.924537111759516,10.588755103570698,81.56848328065088
14,4.363799212970415,27.63937931289221,53.24206822752171,18.638773471488303,0.0
15,4.401708236482412,33.13120793539164,41.10956026007065,10.021498970063076,0.0
16,7.301813831028905,14.514383628183339,34.73433262588427,21.98097151770841,38.569938749451374
17,12.594154359173707,24.198630763815736,89.98333456872724,12.135821567216091,7.224870317718246
18,10.36668044741078,32.887207439701044,2.18233967754895,2.0505960092987587,0.0
19,6.989499364753006,10.848649464644971,66.37896861755891,23.512795274523217,68.10578955761886
20,14.684469473337106,27.435506681171,96.33944342135504,8.57274973778118,13.209941893847445
21,3.347852655649004,17.43372518431377,56.016818346184195,12.983006387977879,27.191282344627982
22,7.011471564845236,33.10990488441326,93.68224620330918,20.563316496657045,0.0
23,8.7926842390486,34.27645612913419,5.225787928602377,9.97368471446136,0.0
24,10.945679621208862,33.60666222783585,41.87933190741614,1.6975696844014687,0.0
25,18.844223073432325,21.855355416436595,26.015779096205115,11.217631410384408,5.549508750686264
26,4.792170771800634,31.551066274732836,73.08209649807299,28.333457480829104,0.0
27,12.341626521926678,31.11373496337676,98.12970904972467,19.252031918956746,0.0
28,14.217949652689018,17.97751183108139,25.65300624442478,20.14437446001621,19.217135497054812
29,1.1148099052799454,30.722886853766934,65.41746014740745,18.968464609129196,0.0
30,14.58107644563452,10.925190867887316,19.809763275974014,5.969764168783104,78.1413467709633
31,4.092578968494997,24.906746962051326,56.53302545716099,12.550015923068404,13.499488500543542
32,1.5612382316467084,15.750220932192576,46.39324866883362,22.52819395089955,27.808487064762712
33,22.77325289408,13.01417214443197,97.2005329631537,3.0411869265947744,42.66602105524257
34,23.175168793789425,11.923830040730229,60.85272726964666,8.335583282691367,58.27417712985539
35,19.401536354795066,27.407219396953494,34.950637208681876,8.289573253975608,0.0
36,7.3107304601608964,18.49687409420165,11.409578488793336,12.96056782783518,23.797508199922273
37,2.344130736153213,28.119169288219037,15.124682873493455,29.411062228265553,9.36021714752572
38,16.421592636291766,11.63390851997356,22.53169299512351,2.025076400514658,65.16180663076557
39,10.563659849750431,17.88225844576526,25.0966661340298,15.561029831417851,20.180671875898373
40,2.928917636274692,23.48728230938343,85.06160578411378,5.380940460366314,10.850374846089299
41,11.884245842670484,29.76807912097409,56.12227882825249,29.120296362292322,5.402784446390307
42,0.8253245067652415,17.968812573301747,52.33909113743665,3.399105141823926,24.26175341193987
43,21.82368964989077,25.647284410925227,11.476887186921747,12.108030070847738,2.95008826548203
44,6.210719558400406,32.14944370590467,86.0139693349435,22.136549545038186,0.0
45,15.900534824495567,25.396579704557617,72.28143032084837,21.13663284082336,0.0
46,7.481065826145863,15.823986868840844,6.766836190000158,12.681859106817967,37.96247125355737
47,12.48163250826746,10.61001953891345,70.78350972297687,10.395725038581547,71.50304913126831
48,13.121046704238712,31.752471847523246,54.353821734264606,11.928371356586117,0.0
49,4.436506932612649,10.531735271259679,8.172534574677826,7.928287894759178,89.00277973819139
50,23.270031066349404,31.867541817104986,45.830064152865646,6.159988161203994,0.0
51,18.60318776066675,23.2234283506803,48.469628713004695,14.491190926766699,0.0
52,22.547974597540538,33.476692462822406,16.577454016327575,8.05601268202822,0.0
53,21.47585641026357,29.969580894341636,94.56981470002823,8.623849946917503,0.0
54,14.349599491466044,34.94835276333343,84.99753714806619,19.702681904236712,0.0
55,22.124981640554804,18.767795386292754,66.90223373291083,29.056119950996766,8.118917214857046
56,2.123820049246068,29.17970722327817,46.22955610006072,18.109116016781254,0.0
57,4.703588698059485,20.048272840231053,41.17655415845085,2.309384011948988,28.01855574267835
58,1.0854549338529136,21.99689050759772,65.09734671509541,2.267508415622009,6.8827389929713805
59,7.807927938318344,25.68763658045925,54.543186940690546,28.54269662536698,10.859906140141309
60,9.328254952547567,31.84192785465847,6.227310588188562,8.918723709220009,6.121271839069878
61,6.512376762573502,34.602086729982375,51.25026487703317,2.762009582474263,0.0
62,19.889700219646304,29.206835346612955,80.64036172328395,17.971337614511448,0.0
63,8.562079840646142,20.444169554183343,45.923987759695805,18.709463348707985,13.04009151706359
64,6.742428232497138,20.533925056926755,5.195657755426842,19.455144603560644,19.839475977910368
65,13.024705995797962,28.439557539722287,78.6278199384033,8.02206083572624,13.382275630972245
66,3.3821813993943035,15.969428644207557,20.13637821359744,0.453320526434251,43.045229093497305
67,19.252727538096952,12.761852828284866,25.862083488803876,28.950461083634156,43.402447759876765
68,1.7892154483144997,18.865553941019414,16.47063534322959,7.526791370733075,31.34880665080205
69,23.685286478412415,17.180974791352043,33.02150648714976,20.280788641576425,17.31437309941131
70,18.53387446311978,17.407703011399754,75.6751505688635,21.19889609636129,6.502882456009472
71,4.769176356820138,15.840193776247748,51.93858595039374,18.300222512384572,32.090023859011296
72,0.13253081096645758,11.052329740909046,20.488127415071254,9.387221826409446,70.96608933845681
73,19.57107428291602,10.446848368335345,87.78300781520409,8.132887612921973,53.474674952725856
74,16.96457625234281,34.69305974340079,87.95818549515292,17.930048481081094,0.0
75,17.496172032983694,20.694328343396556,87.05784250460069,25.982869008350747,4.587949031667605
76,18.5104883204627,19.608166178992043,23.87962113815393,28.402011867701866,8.357266459584393
77,1.7770716416181687,26.991182067326747,45.12393441809881,3.1771741321127287,13.326859605868556
78,8.603177485062542,15.456347196626604,98.49896561408751,4.6448583779315955,45.24968901755847
79,2.780857428603113,33.749029598755634,77.20124763099903,28.34208776349239,0.0
80,20.714482221014244,29.6586253603888,2.716742122555982,22.096056850043777,0.0
81,14.95915504386139,12.235275057806488,6.5204591260492055,26.48981474489319,58.15635267069269
82,7.9415525964635805,20.43951939462321,46.39313768123328,6.0789790240602946,25.721841995326468
83,1.5254004068645672,31.97795768905412,90.92202058615601,17.627576133282055,0.0
84,7.463575721175893,33.61830055728525,53.870179795271426,21.03418783252421,0.0
85,7.804399728641929,21.68503778124674,49.781250803429025,20.40335656340918,12.50403015979639
86,17.51054828011354,25.335284730267695,10.547369995663058,12.244550726000943,3.0170742658384344
87,15.301379312525114,14.17584865230188,65.6780104724294,0.4618467507392543,44.48721380609161
88,21.293105821831837,34.779215653424416,82.21031606002255,17.487781704127894,0.0
89,11.333158203886782,15.791792534586085,38.04200075075623,7.593046175388263,40.073043191944784
90,2.870261902519241,33.56829435337814,77.56118509253275,13.50762738428671,0.0
91,17.117874893351882,26.241166224809213,96.44766539008116,28.72743045251452,0.0
92,18.25884116680554,25.19341987197148,20.376645912768907,11.971059529273042,3.706929171241359
93,13.470652741667909,22.817212775412713,52.33296311947413,25.1940481999328,11.66531071245836
94,18.503212318909462,15.766745292943966,28.713795808457554,5.656218172477534,36.4737462899854
95,11.851094312745378,14.413200800137707,79.28544190338394,20.173814940750866,39.44108615770395
96,12.545587905167856,15.512155226754384,57.75933658811575,29.310208633168305,38.254289279582565
97,10.260984440605192,14.660956553606363,63.45824175503038,3.056793026188104,49.16220257258523
98,0.6100590418582845,29.489611839168834,79.79141596158941,0.24959826681576036,0.0
99,2.589394247839307,18.753131479168253,39.59704726624549,13.00748377897843,18.506473780720633
100,0.754300456481622,11.44606691408491,91.50900684070432,2.7787644915410157,55.543299445788655
101,15.273849870330729,34.22756575352028,53.302886724614,22.45153049028694,0.0
102,7.54454354583184,32.09464712408564,15.7954822835348,27.43645991545677,1.381442120061788
103,12.205696587952866,33.19380707988032,69.58991181688025,13.020629181262764,0.0
104,21.78159537422623,34.872695566160886,79.32613504382545,7.761349264663229,0.0
105,5.983013499572999,14.347381230487184,31.67616770675267,13.032099570198293,48.066109565737385
106,9.849190152855114,19.90605047256647,85.7179256998753,21.70343453550003,14.491735537675654
107,18.133227325033168,28.955961892602282,90.61432547657664,0.27162484741112936,0.0
108,5.491155971798939,27.400515451344805,27.690448737780894,17.683619684540915,7.564872661993233
109,1.8475178358910318,13.847397658496376,98.3521472715222,18.398750546621372,28.975299942330324
110,6.954034869930433,30.395828124765444,14.071152804875842,19.130647406878065,1.9763432636970057
111,3.869310894096106,15.611014295916517,20.201566840248997,7.260662399426316,52.664078779275094
112,22.312743656221755,15.595440370565576,18.422483923802613,21.421581701343804,23.592995602203086
113,19.394889109546007,23.42436057233534,89.39897100078704,2.741744589953292,0.0
114,15.201690156250162,24.82349837104258,65.42925523249619,5.978110094004024,18.407579558359203
115,20.915054164505225,24.502155195945278,15.210428322227287,26.324101399634458,3.4119334746329026
116,19.288129845578748,12.287170934943871,44.032341836834895,22.161694521796992,38.27225424209845
117,4.47768141326486,31.93652156575951,61.529802506980204,0.41236662034035754,0.7422744056568154
118,21.421415963759465,16.64000106471765,8.34640849893833,7.451287811094006,32.742489183712834
119,12.944213805975618,13.237873032070105,88.24163684073388,6.432194489794937,57.299059231064334
120,19.3785637239375,32.218701996724434,80.36035354415351,8.124189841109178,0.0
121,21.506191198163837,33.891287455743836,50.52067735766382,7.426793108396592,0.0
122,7.632083399324733,31.553190431636267,96.71266152591704,1.8757888722853722,0.0
123,2.641246188664242,30.237901868121952,41.77609792750997,13.76821549790461,0.0
124,5.4704439010066,26.381049515975544,98.41103190364979,21.982004243584953,0.0
125,10.250586927030152,23.771434265228482,66.79199988036271,18.201951741523093,8.259774246160427
126,19.632354382139834,12.174668997785254,63.467127325394145,20.186150057942392,35.67773308158036
127,20.657533998152243,20.211330326767467,16.5954895295785,2.434475356087175,15.736815351968444
128,0.16685113274857688,19.31721292530785,88.1927758304644,28.544721305303618,0.9894978854259199
129,12.257935261861578,16.493844594008156,42.74896879206152,25.154755015290746,29.527858887643795
130,10.017864075570696,28.085502842214623,16.223340578247935,24.15270955486988,8.900706324042638
131,5.330587451297526,22.39689337696927,1.260751997575904,24.689514151253025,19.332336390485843
132,2.8767688160083873,12.026155397691198,55.975568363838256,27.98131524398284,61.40445582080002
133,8.102764113687071,15.504580048745282,52.739962212267635,16.327618983410932,28.91551551642069
134,22.62983289390046,27.081469091489897,71.93536223691585,6.008460536028776,0.0
135,7.7568703684981255,11.903271487257506,89.02580530178021,18.503508235576234,55.54427972980012
136,12.450974921840785,31.280172851219216,7.9406584643029525,22.28644481003817,0.0
137,16.87245501348427,22.37866317534936,73.14964903403623,22.13752180062076,0.0
138,8.727110457103056,22.0146644331662,18.741194409758222,15.643470725006402,14.589617609487437
139,23.322769985303054,24.81019461648794,85.8177053157164,2.0537615800073414,0.0
140,23.09873507861067,30.617024148128728,81.90635138616561,11.133388152903835,0.0
141,6.04277509980874,18.695230197554828,54.07937549855444,27.62299825390072,26.344758596254916
142,11.93396414141725,26.95040381397659,71.02427986233116,17.53346729272278,0.35318300024798477
143,7.221079435602472,24.143299099894776,31.43501131837484,16.149958297671404,3.4779419187020544
144,6.836171865059223,16.675706754235534,47.116789893281464,8.065605431465805,39.67495169180445
145,0.8852867365087871,31.96574965887895,82.16368977104716,11.053467597497367,0.0
146,14.629544015517524,29.935650540173203,45.92651971732139,26.86038267459508,3.8741035217580815
147,12.064296557492675,26.461295866460638,35.77982653254418,19.99389142580507,0.0
148,1.2354900299997444,31.264543227356047,49.421244725029986,23.621610802569986,0.0
149,6.6875151416786744,31.682355023995058,82.82492524372184,13.630362692029653,0.0
150,21.798381263199687,27.70907441787587,33.520804737087275,18.907416583684736,0.0
151,5.749485376007338,30.9253332090918,17.37615931357438,7.451508262296226,16.169313310941146
152,3.477476930189354,27.43678654173209,71.20140203307808,21.163824908504587,0.0
153,11.746866246661511,27.00351929400751,82.59782127080818,12.82804001110012,6.008825340541721
154,23.655610898654416,25.46528445537961,10.063747852353334,13.276365444442368,9.338149589236881
155,5.80932651627601,28.81791598894103,23.98741127559447,19.47966973730645,5.797640090744762
156,16.131253137741083,13.965127632326842,14.19719897609939,28.0884186440678,42.4144486680646
157,18.278870767889224,32.02176897997321,34.79414115821666,1.9201903982586277,0.0
158,5.703301055817592,31.7960881936308,45.035097890541266,24.742297120410228,0.0094587531550724
159,17.47719236668463,10.731182075863979,74.88263369633064,8.771493312365793,59.64501719451719
160,8.826795185262078,30.645418764119068,65.11475848816741,13.317583635191335,0.6875879287009399
161,15.175339934245908,13.22174668683613,62.092856747843115,0.6573998632502687,54.48699633460704
162,15.204713058261472,18.377971356478547,35.23749466096544,9.031382335029392,24.523577962715038
163,12.858592417794203,28.587706407290195,84.144755308476,15.078937278903915,0.0
164,2.1669544813057993,14.018997401207706,47.128716739816454,1.6852823204231704,43.72733856438097
165,20.04725989414171,30.449175602976556,97.91049380151546,14.732871881494955,0.0
166,7.69872155932166,30.803354448943548,63.41421382957368,27.81331886575282,5.517534611013514
167,4.476444249596502,22.686693344020906,12.626474156450273,3.1617965432341566,27.53904315881478
168,0.978603397314334,10.159646792920839,67.6177562075434,22.93322184226513,64.40858927115137
169,14.181430636517803,17.17595332937282,32.5104015431699,12.290131601279779,24.290171597905818
170,16.261544684214776,25.423172959393554,68.63271966860974,19.65521143573014,0.0
171,0.39810789426854765,34.529654450685584,6.964114816240574,7.807097939556881,0.0
172,12.290233399182743,25.79533817541671,17.48814371759594,4.784767876240749,22.664668369115446
173,5.435898604750511,16.495089526603994,85.57372589057863,4.813878428136793,32.669269387543814
174,15.484146969826796,25.85014257749028,22.71795570235149,2.1147583692943392,17.05221170295499
175,4.184794296119795,23.499634492896387,83.704112524294,5.569401147037291,15.880818299388423
176,16.58250571445918,29.49613487877859,27.927608845441043,19.92658154966905,0.0
177,9.281648311212898,12.67451597067396,64.28819100587077,26.45071835530524,53.255962671357
178,22.48151972968163,29.0256975625507,69.4150573509831,24.423770567734856,0.0
179,3.300502659503838,23.531664466902757,51.265475314505295,20.55402929623452,6.530908694898301
180,8.185592425206204,34.07480009647487,30.531067669673128,3.31295590233308,0.0
181,2.7233645097741377,18.54680415096715,21.264437637109612,8.675623388878495,38.372946935793195
182,22.192646838685505,25.815547328348703,3.318935456242622,9.29420625967407,11.48465616278064
183,21.056144481143544,33.30070263775043,30.39464012407238,7.498708391928637,0.0
184,6.190599065163735,12.562743199766981,65.3162790531283,15.450169791291694,53.41286256843859
185,15.839617104820297,33.43071218091128,93.83048184484826,16.066614446390176,0.0
186,19.61333280482918,27.197143057520332,87.1204482263052,10.706579255133306,0.0
187,13.324819478387095,11.695926477629298,76.60647765353026,10.61367476209308,66.62533899580765
188,12.711613880544157,17.524089173670404,78.84473432532987,24.85666793718244,22.839643396100858
189,5.80445498161084,27.70430221613204,66.49849034759953,23.678785449590567,13.166341060825083
190,2.234466427341581,11.683765036719292,26.0286857566003,9.233874950422368,74.24286210904597
191,21.53317819087984,24.55426150440683,90.71950307058299,27.41365331619778,0.0
192,21.610033371919933,18.64707642382392,67.0732311905834,28.584450510075182,3.8281895763348732
193,15.19443497455843,25.522887944186927,56.04406309804399,9.802276260901225,10.528375917333621
194,8.136714985168815,11.143550845312822,11.098946921348107,10.632748463791646,75.80202222211003
195,8.381029790703861,31.788420153809408,44.70555438064254,15.169024602658766,0.0
196,17.422936292885744,34.33722422943492,46.03582712019263,28.233624376010205,0.0
197,21.53064623886185,34.22194638214229,86.45636095226699,26.289582994269345,0.0
198,21.290074182362815,28.74129579357312,54.66482201877885,3.077038877507694,0.0
199,18.717013100582975,13.2521560032658,38.04005489704097,11.781922298142486,35.17227436577711
200,15.408759507702907,28.956579898225563,97.68003285106593,16.601135692493155,0.0
201,2.019359159881172,10.614672911470038,11.072059332631568,15.093974176546201,71.24796799142207
202,3.8790891382707304,10.553088788224931,42.25484283119446,5.81589203810678,78.44979646111092
203,21.565300524649903,18.09025547873853,4.202467517140529,25.76450313504464,13.213685819954952
204,14.554297431830157,22.216079760116642,73.99041207669303,20.30822348990512,0.0
205,0.22072923879911155,29.26018544519483,91.80765521991506,25.137251245554108,0.0
206,2.4353170287847705,27.08238441516263,28.003732955048942,25.762928380484166,13.451776302947406
207,15.92404245859334,21.14756765941871,85.83416767991208,22.450675609972194,7.406120693873209
208,0.12147801230924848,16.840666657041645,29.221823046189776,13.17631803749152,25.446578139548162
209,3.8593932340199677,34.92811250394278,91.07701616439152,18.316402650462738,0.0
210,13.169610944798066,20.654532555899323,75.3961903596784,4.810962183592294,21.620635028786317
211,16.60548474462464,21.284675608241887,80.49067768414386,20.20936252424723,0.0
212,15.647070228062413,14.09059552979173,1.80065556004545,5.377597672178423,50.082159270202325
213,5.382463427053435,29.870238718748233,96.2810357074026,20.818487715304705,0.0
214,17.09230131234086,27.342055644537215,72.66709920703232,6.88794482261906,7.029759320250417
215,5.693978099923202,15.51924031971901,30.47510953861333,3.526539004506599,48.93558627809072
216,7.809592755822425,12.059526140396066,82.9394664858847,4.958534704288723,61.168482991852
217,17.91579372283258,27.012482551867826,28.152119841492997,0.05976405657210804,0.09691409891373537
218,15.591189577133152,26.36278035702838,87.2753839566128,21.56218853560591,0.0
219,20.38136185186027,16.831488174955233,11.258039041193701,21.97203147175137,15.889098418550901
220,15.782709415208242,33.771589056260254,70.36859774607957,15.448000497397784,0.0
221,13.639406480051319,13.776447294522505,54.069847664491036,4.840884031661511,52.604144027189136
222,2.2481944278742194,20.80837002606505,9.653447019544082,2.5066301253206924,37.822647729776094
223,8.825179273426404,33.59039800418997,24.189382825883897,0.5738689931186103,0.0
224,6.364856824361411,20.493182923153057,1.240403627731479,4.972445308956621,31.3429631876979
225,5.855751441098006,25.96314869160214,46.876796546450585,26.725666049494404,15.101762206474111
226,23.352253314058693,19.939859949069856,30.126526076000037,7.246105251050453,17.772984611925622
227,9.43434539200225,16.85538005871675,59.83574842977588,10.62813981651647,33.193573998083174
228,21.40911732425072,34.599441198995706,29.72378077086172,3.1603645344399958,0.0
229,15.14732702393431,20.233350157876075,29.99191115069847,6.670839142445109,25.29077190793406
230,19.075471284999562,32.352480091978364,74.31931987316034,15.576737123406154,0.0
231,12.063290234524612,15.748865147277154,4.814283597835345,18.232580492869577,31.625120808734597
232,13.84569323103262,15.327617600627082,90.28949951919873,7.360569424986332,39.38233289600922
233,11.820424651652733,10.778352072112783,85.22638743911814,1.7319647767535162,70.52155874850082
234,4.685831707153068,26.291670634397125,66.78046832264066,11.73098607382196,11.035410206339803
235,17.338850766276128,19.21315859309403,59.32215701073843,7.0261011277900245,18.104638361060644
236,6.738536698580539,31.608956245990925,89.23024981396523,6.586617696894058,8.755661841676684
237,0.5835831943548921,21.83024766728893,18.533017952871443,28.795884081403656,10.743191360697509
238,15.491335101772027,34.20483569786804,7.896916219082861,18.489014577771723,0.0
239,4.250656305769175,14.63813789257803,23.95101699095381,16.706353295162877,55.68452955272735
240,22.571006024469945,31.71557919889027,79.45782787001903,12.473253105699659,0.0
241,22.894285848062097,29.414921319793542,3.4670266726483323,12.868330002904328,0.0
242,21.956745365290764,29.2730461161013,58.280683508348964,16.227150115142425,0.0
243,8.883808806130666,31.119580702922192,99.54375161913099,20.892894211083217,0.0
244,0.3709587966928183,29.02559977357497,85.56960938375394,21.064382885454883,0.0
245,22.27964550210541,25.655508040785385,52.14456890435895,5.1508172311634866,13.717799775967066
246,10.276419559615544,13.28112194205969,6.364090928664234,15.003382562298809,50.68248186332975
247,23.19971565704807,10.813154487281299,83.13735143857099,12.35874285102306,45.6741704653632
248,23.12687945014207,33.02119619539217,59.89785081772106,26.115808988081525,0.0
249,20.472226931216642,25.41625786301845,11.493299705956684,18.942567636551292,0.0
250,7.0667734096700565,29.913432274404407,9.38572848233562,15.975121992479455,0.9919043168621333
251,9.242345486446206,22.038058787813753,90.96268194365923,3.461839265367521,22.421423943456105
252,20.427280116404567,12.932704724059862,66.92002629380784,18.169136679702344,30.376888853455533
253,7.606128123750664,13.12964480506376,82.92867993167555,3.5161171704070027,54.70889186771491
254,4.06782592046622,27.139132180724285,87.89789002822673,10.116197266972563,11.087760494433637
255,13.363230299000403,20.757647372486566,57.17723520483222,4.285258944429956,21.567293964998182
256,22.467714579858743,15.013118167508418,51.74463517550413,20.762209410731067,20.206886579163406
257,16.704715120199353,22.289863668535922,43.042741032099016,6.187563415084578,12.58560977755516
258,13.68146808214476,11.605223426878352,31.69465877911193,11.755781195640779,64.63046013019594
259,2.332235850498445,24.549285047859968,43.459596085871176,26.87024332856336,6.615804857235553
260,14.760173440780074,16.724835110877443,77.38796557301563,6.129491501969109,30.041951561671453
261,23.76129240250232,29.938977515929704,60.19234310151316,15.234151918763374,0.0
262,3.3620163656765767,17.759048973089342,89.2523289954846,12.57814983498066,17.027777360929335
263,12.43991165672968,21.38050372704503,44.33800143791877,0.543721231371892,14.355759562682598
264,21.05695372627093,10.290513497702516,60.7089578718754,23.782743407184384,55.62082183952122
265,17.778446826100907,11.811172194863971,63.130755309198875,2.0713771894379915,55.27766564136779
266,16.72837778388643,19.81233891016712,59.16971623063255,14.227650629308608,3.651488264749417
267,16.85961801569062,21.998470867928088,70.26337730855164,16.8203488481685,0.0
268,8.627787629274124,25.000513702982595,23.74334683748063,18.852793698437612,9.103232400899065
269,7.046204262347841,17.29156446773258,51.23637775457907,20.658948879236267,28.235515854485058
270,19.424667731484327,27.374547153163565,10.422480280834767,7.598171505681453,9.011393318400566
271,19.442721472300338,31.503059929730114,38.45113276448126,0.2993632997534812,0.0
272,20.809735645922487,29.496274722333744,48.76670686212644,21.70330987064736,0.0
273,21.91777326135531,10.990470633708929,65.22242595454725,16.069697980427357,51.51971787401368
274,12.272217572662507,22.012673681445726,95.05310525862035,25.083531096217463,13.24591783915566
275,12.03639107249279,12.623254460454373,60.06510665483559,24.641650887020827,54.759303857881605
276,19.159084295202604,16.051125396563187,74.35939161765597,25.299785033636496,16.987752717019426
277,15.599134338666364,34.66656483167866,50.626605949520275,14.552839799386204,0.0
278,16.84720505418488,13.56238857253783,63.41040313763313,10.00885187510597,46.61514584727299
279,19.099024066466427,22.472203836283903,7.093221613377343,23.7467460777411,0.13820701039587258
280,21.360128203621592,25.45389335795298,25.439158084184697,13.538823390877647,0.0
281,8.11188376443686,27.5616242636026,36.185309320513866,5.503265892103036,18.805441725731857
282,9.013990863358657,23.991217087172853,47.249335500651355,25.64922058684423,11.628760056646001
283,2.255566556180856,10.244271185479592,4.564874550238374,26.476796303170417,78.8530752304335
284,13.878723383908175,18.1615327060998,14.002409755331769,13.989292684205104,22.337264161051532
285,0.8626145711218101,22.942791084617788,27.68143077913058,2.270991819293624,19.91833481413907
286,11.174352435179044,12.196662478620834,97.15326909010507,11.634782697507937,62.343105994914175
287,13.023471232981839,18.76567328022952,33.134700710305076,24.1061297838781,16.13819094767238
288,6.876990051078826,10.830077719784164,48.20410581120825,27.05322085638686,70.43383558335371
289,14.179998253656258,11.96446242887552,19.609771273839293,6.104182274927875,67.00207157785762
290,0.7320059985371863,19.9230819050399,61.07800710757682,2.0092083607581457,12.8102062545372
291,0.896356529981146,13.317893851076509,28.068321551597432,26.32051359398516,49.32354836408533
292,19.742413455831798,24.188521206538955,20.699257843842677,11.68214816936626,0.43571158754700423
293,8.644575393870308,27.236624228431644,51.65726284459791,16.252828928026897,0.398776397274069
294,3.049452303645235,30.014667477727073,0.5505799160420821,29.04197436152277,12.30651202578764
295,12.533838241315305,15.003756106120253,0.7664032649225327,1.9969418374266856,42.57691311193154
296,18.47984527436666,14.187064556476745,21.906880910185777,19.449540223562867,26.74978594007915
297,5.179704659924236,12.614196008360006,3.672136250082114,2.2231626772460125,72.00569532534622
298,14.949371419656007,25.910756238590917,10.802575413069137,11.26406785399501,12.338687010576267
299,2.048339159850432,27.66189316217253,33.88606493387516,24.114436355803402,6.023159055940992
300,1.2403613080465847,10.789653620641051,80.25856795798128,13.004166982669032,57.341236542965724
301,12.752511157635553,33.405306156092244,57.204864336930086,29.915470617088513,0.0
302,12.975242918642557,11.29928209128681,51.26677259564164,16.771778548398064,65.68392698393252
303,15.298317635956957,23.53240838252676,29.348882320812166,9.634864579078604,19.037573463925874
304,17.42619200934388,27.726512986272912,93.17537194328163,6.603339777142594,3.2130137755473434
305,23.42044990710083,31.77422809365214,39.70150412371917,10.515616028584855,0.0
306,12.391208359228688,27.852173303310696,8.70927667957715,11.175998212786524,10.24941773931289
307,7.750955350589903,30.043202076744794,61.70665161178013,2.0614103317188293,7.0405165882429195
308,19.08446867444889,18.486254813570152,11.38383934766014,11.087225982803195,9.326388777165178
309,6.499974030289781,30.370627843662806,34.52231428016921,13.927155592176748,0.0
310,10.535314096935267,12.002871159616879,50.74119387178089,21.68213256716414,56.29483169034798
311,1.882953152214383,32.37041640151319,87.42225246851758,19.70188454164824,0.0
312,0.6084178419709803,23.689809403843405,49.35465803401187,21.262969656874628,0.0
313,23.1035619522702,30.432444249062343,70.22587660316643,0.25091045630571296,0.0
314,20.06352289229294,21.307957112957503,99.28168389990704,6.530021987416081,0.0
315,16.70338094624875,26.089442379913123,13.148911989798162,19.850528651995695,0.0
316,9.814870665942477,23.160066523402833,27.47315255195195,14.519681045392414,1.304878810911898
317,4.159063681700299,28.289738043883297,39.45760755976464,0.15940427005037838,6.472241658223691
318,3.754489024106065,12.04074955076474,42.18281785388314,24.13483927295467,56.35819846392865
319,6.005829555950288,11.508802099764095,41.102107526554576,23.184287198710123,59.37813023674978
320,13.181439952946892,16.177580850253662,90.76110025565549,16.45257488980688,29.50985855301512
321,17.150302144801497,13.98861700282971,71.40326444668564,1.9938997732881636,38.854718316256196
322,15.84473704122555,31.794589164805043,60.79052140907037,22.99545148597754,0.0
323,6.718413526702628,15.480349683951108,30.93727178627821,17.51140763194092,28.642061031163372
324,22.91676673591666,34.39663139547828,82.37903842212947,23.458799314738776,0.0
325,17.709526000698446,18.422394794277672,95.5060511484989,22.55240977187521,4.699595392655133
326,13.304497260273617,14.552947892217482,82.11982825502265,24.090062158735115,36.07500425967913
327,14.681297909624455,29.742462678561978,0.15651051914729042,15.540241992138744,0.0
328,10.070401498266957,26.467694387521902,63.6401370183407,4.20973554580545,22.82019890464513
329,5.945543748027779,22.454892911328475,5.1135381442100725,20.13472420139066,16.14173999483216
330,8.543344287630278,23.88408877344078,25.760722033372186,18.614213551559118,7.257741833206435
331,18.18830665114486,27.980044456806596,5.952470034777169,22.267595615972617,0.0
332,0.34544372711414084,15.711368533282467,60.37954529493877,5.096430181522059,32.90871523826199
333,2.7857433721659897,34.90834790141855,68.65899134926067,5.849255997008677,0.0
334,1.104063408522066,34.36982905366958,11.448763806590511,26.712285516579854,0.0
335,0.9774912556552833,26.258142158673422,38.38388830449795,22.499333953562125,1.6949214042052025
336,20.53105401626417,14.988561273228628,45.6236508955542,27.24685466100969,24.411723227188148
337,16.887788625120567,27.005706060782284,36.90530217609166,22.76145963491762,2.794704581230208
338,11.380171898095805,11.804960224479396,12.102500048519305,17.914659179709055,55.063700969315036
339,2.3480198556240355,10.766312555145152,41.89477901874754,19.62398211083621,64.75076300010812
340,11.798781002803977,16.442072212780342,75.11780478084181,26.6738377182003,28.795547627007966
341,11.363322498733577,21.565573918482908,7.100766453325546,17.364202635358215,8.15220029835726
342,4.156844877840364,31.706812635209513,8.018001408190345,18.97173972985162,1.452928132604862
343,10.412439581711354,28.1792267441577,35.47712918359842,4.694301480108018,14.339986277888505
344,9.564113625536962,28.567663029999526,94.1725711618925,14.217636603483081,0.4096044272052061
345,14.780402353253194,20.637333361201883,66.85726467229141,21.49191335874297,11.10214326237492
346,15.242247620823452,18.648374813674074,67.86699566725648,8.128280949490962,25.33257555353827
347,1.0872962345290684,19.27596907461507,36.1919990837865,6.067625415736048,20.61084835904366
348,8.99070275103531,34.69123909340145,59.36607912085384,9.414804246732466,0.0
349,15.020637977141673,11.002729785312063,1.0131184027743378,7.245018839785003,73.41813511233472
350,12.075270205922106,31.675787403061214,63.60960464095422,6.447379111091875,9.541061175502218
351,20.555756188519734,24.466885214309833,91.32869475762368,12.745525286042609,0.0
352,15.80864715885468,20.965385479739762,61.25734683448192,27.23515541650602,12.970412774714625
353,3.9104262499543125,28.131441510378412,87.3698593466345,15.211789402161548,2.866970233922684
354,1.6936499376103162,22.16672353561757,72.39730554660937,5.637611424459691,13.590022205001544
355,15.418062676951575,31.835580952041514,12.055841640369025,2.309150081426222,0.0
356,0.6362714529989235,32.51754660028146,90.24533072858418,20.884684354137757,0.0
357,14.05861395056312,20.543023171836385,6.644384435577488,11.483962933091634,18.042095428343636
358,22.565525794198983,16.920694930876287,53.39674725477638,24.654928397560777,12.274063170877493
359,13.811380269021095,24.808758214834057,14.213712379345766,19.785323059223106,10.264496810061798
360,9.316078228956526,32.80908364041727,1.1706610730904066,23.887243516241057,0.0
361,15.438917242616476,15.266554725141663,42.2034260127639,8.158381182553462,35.669399006448366
362,10.998069371796399,25.57416458908707,29.504070765415623,20.770767673831745,10.619408869222342
363,13.094802943582438,25.789005502313014,48.6000493797603,7.921859540811563,12.250219920253551
364,22.595155410636604,28.327825560382024,57.71998867345508,28.172054383508748,0.0
365,9.266463307218583,13.289192128181496,4.373907230894735,19.09122844600123,51.82566191282605
366,23.068573531773943,27.895624117052215,12.300329512374564,9.735354005260263,6.956862837984318
367,21.72841540694553,32.72581301664103,55.86423964504254,8.085355868768179,0.0
368,4.6989872349431145,14.492077721756049,34.316735317265824,5.727797552149305,52.55225032138614
369,1.664671221003971,15.93858312309694,72.9173487549448,20.839228766811832,23.539732985861107
370,2.4186720330582396,34.28487735104099,65.22916485919397,6.561468389937819,0.0
371,0.43732381563719347,14.524423817737244,84.56043629899068,17.85909797782467,19.270591606779526
372,2.2666310581422815,31.359627334239477,69.24928266692253,7.9390508077607205,5.578067280968162
373,16.392162561992563,22.30694641120087,42.99310773901481,19.85906834381606,4.044675490705564
374,1.7085275630454957,16.180776860079426,67.29666223944324,24.448191856216177,26.024777295495817
375,7.655415127050271,31.768747531812785,27.538117425541852,23.340757294339596,0.0
376,20.27700746326691,21.132631375066637,30.63134987782127,22.82553992792345,1.6683795557644965
377,0.5585264576598208,22.870433848242257,78.89851599207933,5.631672170767562,7.734917021420923
378,19.54724358213446,18.98083423499414,44.64195164015822,2.651548409535561,12.306238863200743
379,6.764514594561598,24.823771285873185,79.83803405183525,20.96846485462157,2.4053618073051206
380,2.83595586291975,14.088096814625569,82.24223736682784,11.05041641383054,40.05189265087528
381,16.721691968739616,19.77703841629402,85.75623376612837,12.970386792100419,4.813182480724977
382,15.094628322717217,34.23530805838219,91.66352358412072,0.9344727838017319,0.0
383,21.05932832464927,16.45333581752819,43.098522051329624,7.787293478251476,25.948932961518388
384,17.641705051293258,26.418416613532305,31.886681832113883,1.0102921162339207,2.743296920571444
385,19.283542329236365,18.129751605617372,58.21987465941139,26.375573178037428,6.460559689747081
386,6.768829741711356,29.336828142165015,37.117242343762754,7.301900496555914,17.930544584259025
387,4.258549050713348,13.271841517958745,60.1074166800233,16.72011508719024,48.86291755647308
388,18.0147540393806,34.24552612696362,70.55858626438246,1.1693796198339124,0.0
389,19.364033742414335,21.34473853459098,68.84050184921368,20.00542173916974,0.0
390,23.77212340801616,15.901261583661599,37.45528870201213,9.690820372622817,27.890871568381804
391,9.902824245874235,11.837418683250316,16.68602016987528,26.937575608729976,63.26054295130836
392,8.928434059026795,14.243947627188518,43.05293384622075,26.643545668021076,42.92029770752034
393,18.633911057807925,22.994348713900443,14.259414408190874,9.758718550852434,4.753269017448147
394,8.179284966072428,18.425079410782157,89.00970351838083,27.028826870714038,21.680649745172982
395,22.338175814485552,30.722084147065235,34.58774607378574,29.884730204963365,0.0
396,20.601906044232283,20.772188091545146,15.445974722332378,24.76246992371844,2.0304173700327035
397,10.29585665700044,16.217856814690748,2.5447759905750877,25.34614043265687,33.07445947289539
398,18.020905626995937,25.42862466510075,64.58223862864843,7.470262083272697,7.787383963298239
399,18.109028978032377,27.669430422136145,63.69023174547432,17.30107196573269,0.0
400,2.4749728520623826,14.176047697523746,34.060416658129164,2.0176774190210356,48.04739846584556
401,21.6612697603096,14.190480407207941,7.171188884765101,2.8475381046500914,40.04518256308535
402,12.126056938748572,10.916785673338575,40.9628894895232,29.966778360998717,69.01560397880431
403,19.834979186585798,28.410050376641014,31.12174950633936,9.799177482777328,0.0
404,7.681190424734682,26.595113190545128,67.71206397350093,22.44551736146539,5.458437076219377
405,21.49255748390881,21.865771893745347,60.57792494526903,24.199951590804496,0.0
406,9.340840289619916,31.10426122422993,36.459372819754,25.740698130216877,2.2336686978865865
407,0.26010363552716065,30.14175382375133,21.78925542549901,29.928848922064695,0.9419936616449015
408,21.729167434062326,24.633859109918802,98.80359661555919,7.2448945577060355,0.0
409,2.1908802428672054,31.706782012831464,45.40016211961149,1.2105248057909912,0.0
410,7.663527302169957,15.146030250919207,68.82742357802371,12.335745539837578,42.15297731019884
411,22.801487209219317,12.797990484943197,14.055296757836079,3.9024200948684085,57.27135945475246
412,22.814571526501346,16.74374028792474,48.55896996593978,0.6727766748616537,17.753097224069702
413,13.762509314958866,11.427171402232872,2.7536719869465487,10.812804814244583,70.67918607493277
414,15.164093092075182,23.2792382000258,50.545511791044994,23.512147532257092,7.046722477900286
415,10.762692527479675,33.41514230737404,96.40174071177023,16.985420736752125,0.0
416,7.037058520753549,10.983588516712741,38.420671298580025,9.383339676310621,72.66059231722723
417,7.887949088877983,13.05274785025067,3.8996012574911587,19.630260164781593,52.81022653726102
418,16.14044294584892,21.30497570708588,3.095579091934353,6.960545409264322,17.317099357499067
419,18.05698870650432,33.34687543819762,38.798675994686946,0.43144338216255074,0.0
420,18.997897049420366,17.903902624418762,16.002493646319405,22.93060159309282,12.673347995032229
421,18.950835427069293,22.68087021720981,2.335209632818591,18.712292545920274,0.0
422,2.188946473168569,11.039321476259802,75.62136139501769,22.8690787350288,59.64092853447587
423,11.866087312861955,13.708580024052221,45.85230088818907,1.1681405006299683,52.723955675408625
424,1.3814102403994628,34.665753073971175,28.924477197265453,25.113588834919565,0.0
425,13.188693175769654,34.127967410901135,90.00831830164807,18.5857860010891,0.0
426,10.596732032961048,10.123499523360241,11.613896020052561,16.901860521379206,74.50914532325557
427,21.304900386199193,33.79529463558097,95.59188289553192,18.738421443435946,0.0
428,8.42196030124989,25.97799844538751,31.396671737735282,25.932997406050923,9.1691198987577
429,2.8096083942625407,31.697957363000555,88.84036723086813,17.608095196767213,0.0
430,3.4318003692680605,21.368496390846477,60.294287647946156,17.42851139664538,10.556418405702868
431,18.276255161219332,22.889900714481257,82.67073597414874,29.720374711972973,0.0
432,14.837233519590265,22.221164506423005,98.40131632104642,22.70190501205704,8.296060581722815
433,2.426944226946966,26.67160643865261,28.840543781874572,13.268814163534058,12.277815144566489
434,2.0185633467599384,13.491281368907822,96.1135485407593,21.221910000987833,29.98618973099054
435,16.82325915501888,10.749339746816949,38.94818949024204,11.676914150753655,61.334506179924986
436,1.7463121527406447,17.698248539779772,38.55119047369223,6.86626387450497,40.308667238112335
437,19.72464142296855,27.617019068416166,34.03871042545057,17.905556306632782,0.0
438,16.949813451755908,15.046336303073709,54.14076073475852,27.845462943418543,28.780809763560462
439,1.9523707354055944,26.835810833122935,15.41450431784871,27.874185600463882,16.813298279690944
440,2.036105138044606,34.24780115268176,55.37114853580112,10.25715834316471,0.0
441,23.679349884028213,12.34751789473546,54.1704812410004,15.83032398665085,42.8333230379522
442,8.982499098146889,26.815052955628158,76.190181260487,6.349076957095836,14.442968629935724
443,8.895411529605383,21.093755482614277,83.36499619375856,29.868933284966502,10.99493276541486
444,19.507189614180064,31.703556359437634,44.044135031242405,29.43353723603807,0.0
445,22.73396585721261,14.428744736184647,30.233324935149376,19.48526789122342,27.043319680168388
446,23.6640255317489,27.315648805654114,25.933489731709447,24.1324217903242,6.783179893229496
447,18.0810764462146,30.952882241202754,19.462383670487192,21.453004838511,0.0
448,9.030230052741977,33.61535548685058,5.764758219902488,17.794746571184046,0.0
449,2.0040172007680503,27.081200707241145,34.244797883471335,1.6004399096669308,13.262983622062483
450,18.651525982258484,22.429369100210682,27.024769213078326,13.642930276579833,0.0
451,13.401701993659321,25.446181005030347,96.64173858664074,20.243589065022316,3.5655761235739236
452,10.18132822192743,31.722624611967955,55.77088262500439,20.32594841651054,0.0
453,21.752505242273664,24.265243665970743,34.72770390305075,11.193678552671507,0.0
454,2.668739575347632,10.75967649242092,58.0467600993696,28.250759599740917,67.8235009258041
455,11.82300250298062,33.273717387674445,13.91967013456955,5.02071096710343,2.687945290158072
456,0.27248747441805765,27.238168775789028,44.40437492022029,15.010783386466818,0.0
457,11.247855407859031,26.912834644431165,62.62343214210638,20.726519296524685,8.290105356254744
458,1.3512786163640964,15.391878809942929,48.889783179245136,20.914074176754276,30.684312986139048
459,2.851629990433726,26.47213675581643,40.177880065432426,19.459168703064467,3.6620520040656936
460,2.820629922650517,19.846610141353963,99.38483888996981,8.258646403555804,17.707546856023903
461,15.581047250785526,26.280824426037302,88.0314762148927,4.686197060598659,13.113603309250234
462,17.905077102370157,12.664825757699768,62.34059581594401,19.078209804801325,36.71401287516562
463,14.000850362331832,26.4461326150759,56.93773611822828,17.979063484183133,3.045115233507582
464,23.092141163389005,34.985343144266665,62.06604798245841,5.3806803086772295,0.0
465,8.996893908568897,11.2053009715139,20.131210782243325,21.1541743671169,66.5503153233598
466,6.857090070764658,34.429354605532936,39.51377432643186,13.655159752009693,0.0
467,20.846379076547045,20.172699018071768,3.945953289089932,20.032817748094587,2.3868156885946377
468,5.366300124466863,31.768836258431477,47.554603748682666,25.12101239310452,0.0
469,23.11734094657467,29.559637101456836,54.302458395766315,5.091852857307694,2.351101757787486
470,0.2917073925555922,24.175406524666695,22.77497361032096,0.5743460399051004,7.305721169849144
471,23.27709184098334,28.461230231283164,96.40288471655137,23.373077591873603,0.0
472,1.0358378868138267,31.9628890325337,90.9454610937242,18.290922754578478,0.0
473,21.387434728753707,20.103508041275823,72.21432354559059,20.989187088663652,0.0
474,12.664826618071196,18.175829039080966,53.33866287653626,25.144649249659278,22.942258473040564
475,23.831155106863207,26.689834639089618,86.99691596476849,24.084328044735017,0.0
476,1.7711175536495727,30.196148548531465,13.065234382346292,28.82760440786474,8.064302024939758
477,13.292502825631699,29.057128369415395,79.0509794274885,16.078052365563547,0.0
478,23.263260854858373,29.945341221465863,12.48208139668483,14.654868979797161,0.0
479,12.554348260083572,20.889582870323324,79.42106625494054,12.056615996721902,13.88896553999188
480,15.1055673152463,30.44585540437554,27.576756825135696,4.610731285326136,10.817297337467753
481,16.697968535630814,13.00522638426521,87.7090581018189,17.178216986460672,38.08520838606525
482,10.908985554426557,23.61222744902124,94.40420938253979,8.310375729779363,16.310919767801593
483,15.061393922017523,10.143966512453039,14.879596940511563,27.639225366389265,73.84805324749131
484,14.023543486154406,18.114645747506756,46.267560506539354,17.495724128312926,15.25278158719819
485,21.627792251783735,19.161538371784946,98.09873781626851,17.785205415243304,0.0
486,1.090713128194989,19.904317290231383,48.34074359731466,10.6477398263103,13.270634370368594
487,6.743116550213528,27.386680167246553,86.35475225145451,1.5596805593312246,7.644479744771392
488,22.80987561783741,19.713952531758643,58.87315221313199,0.9523129611896586,6.552213781557542
489,21.366330813381992,21.217340565563266,37.53299079196019,12.700054324595925,0.0
490,10.93576206685711,15.938603271858186,28.57835555258702,2.5369613429171354,44.0982352009914
491,14.883182347236882,19.3312947907335,20.322309108608728,18.205408666204175,13.280326976436873
492,6.657148391547184,15.681740681578788,76.17981913776973,26.429190169189724,33.47900507405979
493,4.5149078333702715,11.82989809421109,38.65405068230279,26.487444495561665,64.01096406537636
494,11.128761718559572,25.086214834534445,51.12754622007512,19.77136230396697,6.563341469983275
495,8.480453472625268,26.705319963875407,49.23254800011819,6.33695494418793,17.868071227733243
496,14.00774668442093,25.487258650240364,57.727902923313124,25.88990494076616,10.420533184651067
497,1.865631287159636,21.58735109501431,86.55771456245522,26.582803059396245,2.8631625914621748
498,23.385475383987995,19.494644504480746,98.07393435834294,5.899607548588762,5.822246177227634
499,23.669057867510467,31.58334123929563,40.758420857381694,22.12278257312032,0.0
500,16.75588113647388,22.97704462840545,82.7518922106303,8.595586467813689,6.214908482659058
501,12.866312792258888,21.979546940743276,76.45277946547176,24.07920937058789,13.836347156684171
502,7.428662790871866,10.641051645160893,57.352895145557326,29.91713699710808,72.67326283922374
503,19.531080472966767,18.53119569065391,95.60471436119332,0.9007801598817844,0.7389753414761102
504,16.4335481412931,19.504890469646426,20.04745155284028,26.92097597372796,16.585540188244753
505,3.902806544277391,19.97056952242251,10.92642103096214,18.678916007959742,21.19226386584173
506,21.86225242785222,24.504309230683305,85.39619669554222,29.201478574944634,0.0
507,19.740893830156054,23.34006366817196,43.91498166337483,13.950285525792829,0.0
508,22.795197919006178,25.197627319836116,84.69688542070605,25.42163791714121,0.0
509,17.41726820132064,29.122081538553207,89.30902051954149,1.871822057948317,0.0
510,14.721964702458957,30.324643467902337,6.245759361907144,10.058371502348871,4.262375336520026
511,10.037832870974853,27.95307690566236,88.34647629860606,2.010496132536299,9.512363295173502
512,22.38548360049632,33.88809239887337,44.831905536942216,29.260294004372117,0.0
513,20.7855333480098,10.45581456690904,51.04324890042322,24.5092172181551,56.105302681378035
514,1.0852480825485458,14.894449642088652,62.659251109321026,25.576422637379114,29.845142485385104
515,0.6328073879340481,10.189071874453553,92.63826067300867,28.138956943016826,59.66751404564588
516,9.035120805073191,26.186867853865074,1.911609442976403,2.5531045835935604,17.801623318369828
517,19.45327993876399,32.450763723749674,47.68434683178171,11.567927775400001,0.0
518,23.694627103558666,16.087057414407482,68.77220424305607,2.131046671320064,25.24158180316523
519,3.6100053864846764,33.175863619907666,72.27069576982285,6.3237930465008585,0.0
520,14.259137168451243,11.506684757239022,69.2532431537108,6.8809733111301705,73.49658060754308
521,9.141380559144515,33.36090067013786,13.443512940812186,14.07321633142736,0.0
522,23.277945547550477,18.790567180990863,29.93955883716812,8.056865023609278,21.084992280485093
523,20.21085415525701,12.535520711230413,35.87155254170135,3.029343204532833,45.257822571939755
524,20.119888913067307,22.146793979658142,80.4437207679505,5.024732672823231,0.0
525,11.248635835079288,16.4194141930127,27.875987241455302,4.418266906562728,44.721641372394316
526,9.955668056103963,17.12182254904807,21.070496386720315,29.192303937368948,32.59406385590156
527,6.56176972633695,17.682249123157163,95.74480190380962,22.778775207554208,19.53981564157835
528,1.3530119196222508,30.075647445816585,0.88632851134689,29.032843958086858,12.332286700029151
529,20.753337030121276,23.47903191688136,99.78208556819781,13.192214595237257,0.0
530,19.50962421912186,17.782692478900092,67.68212988573956,8.351054449879697,18.6613167475007
531,23.993224158867136,25.25834458277296,82.84692994491171,23.9487959162756,0.0
532,23.91928408977373,27.90376685557984,29.461939634619316,9.787617541234404,10.126057408036724
533,13.330360934463059,16.815600018338344,1.4315277667059978,8.981501211160449,37.2636429146213
534,18.455697964332252,20.33872753813379,73.78695185615301,6.975179766234936,8.696389213614875
535,22.67437751717827,13.04715233342369,83.41445970006758,3.8903693467270606,38.92225152377265
536,20.391537376257876,14.528733738367007,74.04761319535191,7.693891830502979,28.699899716628337
537,5.936354441836744,27.02794634912457,14.285028730083859,10.65959245421663,18.04371838617208
538,10.813059247442244,14.535958692390674,75.34279222569691,20.219826244371912,35.03243969410827
539,3.0998259636358796,23.129084591676502,76.8922782107641,1.8769452665835473,8.983062271740542
540,22.89722465420934,27.726156543060817,65.85405156700548,6.3152081899602885,4.618699888034556
541,14.548191226821121,12.671923077368596,76.61159327955862,24.27070920875029,47.56114729579488
542,5.487427332083105,24.182805490722586,84.59214396777321,4.407657707513123,17.672074570631484
543,16.12081642574056,16.414069592534094,61.360411423745845,10.279354395675647,33.13614726717932
544,14.8350777709895,34.0731718809395,8.860471396967906,25.939767655744202,0.0
545,8.595905232788173,22.08864116799812,48.76278096672109,4.64775933430328,19.970071554687436
546,2.7253822127910965,30.149813744378953,7.764933467160507,2.482105068545697,15.449979014290045
547,16.11775669422719,23.755663553906544,40.75430310324308,14.536139852400325,0.12544087253652636
548,12.48738482169104,11.08531332137048,40.71064891256276,9.072585338356092,71.30902818450461
549,18.535641401655344,25.828784389850558,6.600984414024158,16.902250934515624,0.0
550,12.483924026687841,33.78508355516642,34.88205339694793,24.114146714504255,0.0
551,20.452356007644962,25.040295503658278,11.099809879131485,4.114454644582295,9.540380584854894
552,13.245764130587652,30.479721485669756,80.82352100092221,17.42097253662855,0.0
553,13.46251131684927,32.1051615837102,94.76880259644707,15.165262811695918,0.0
554,21.03968646380028,15.701994298723312,7.231647525793861,4.322363580395987,35.08632155925071
555,9.683588789097529,15.301120997705667,95.51152072917014,18.71995456586947,28.272093153279013
556,3.2163654828153776,25.274524721274794,52.25765993367452,8.209212535823148,19.36655254811343
557,0.6907842315201354,20.27571174516762,29.95656779538739,14.635029556320374,12.947024879800201
558,18.123294136166855,30.99653257166801,7.686207527616351,2.4681697283118567,5.294566713283943
559,14.887429232483152,32.50057808495028,50.06242680704178,13.787521716408692,0.0
560,16.897914434381367,18.83553448256795,79.45155444907486,9.19390404128461,13.856468214047473
561,5.111139876213858,15.921763974362051,70.70864772666981,24.67143633556063,29.714343750452667
562,3.2729154140824743,29.513137881096547,5.022601146397376,1.7093618099210484,18.583299517241112
563,0.3490719760291663,16.870150888703403,7.290183536790352,12.558218247549899,33.71077727967911
564,8.414101411358327,30.56535796284196,40.28732826326371,13.75294272394314,0.0
565,14.158024484511195,20.59345634121907,29.52904940479433,21.750182288973562,10.925743215758427
566,9.413857082393577,26.68874748228676,23.238432305604782,17.22862725270633,4.835238518821184
567,10.499398128569498,12.388382845866705,28.10044989087136,20.01637011582543,57.70919845790291
568,21.69980866784996,25.596483116914325,80.34827432968846,23.311478569552683,0.0
569,8.358131208559207,21.294191968430727,92.92280536318539,25.866089209745663,14.808377007871542
570,12.335747739835458,24.665211579386852,40.510269452756646,9.416264901674115,12.082075091219469
571,18.807672305787435,14.200355193621586,90.61110021324971,16.14068116091709,16.537552261038606
572,9.517026775710484,28.421843623604552,32.1495701247882,25.203242353175995,8.561378464146529
573,14.930080805468965,31.569926938580714,47.64369863437916,29.683533928951693,0.0
574,20.696729009921885,15.418495002269392,22.602899781599973,26.685579331312894,23.211749777282105
575,22.78849496778341,12.392863888004044,64.0476042175844,11.144017878731304,45.66706603386841
576,3.5297635422969105,10.59096465115841,97.89811151748088,5.854995516559512,69.1828830286087
577,22.238103003875864,26.04928751108165,60.34930960433786,14.681776122197661,0.0
578,11.810791033908917,25.17735090221952,35.78140841135489,22.249243555081268,5.974758167941676
579,6.197865319175,23.66743531785175,64.78174459905284,14.777072122598927,7.7412615914712735
580,11.019258149718272,15.798677402899386,12.292067846538757,14.495425899410055,33.55822688281721
581,23.52078180685145,19.77264989763787,88.86590802653987,25.14691263245402,0.0
582,11.82283425582887,24.861908379654324,50.30839507798363,10.842113372015591,11.172568358593233
583,7.890038646900197,22.419171471479235,44.93497420396421,25.79384024434937,14.315964008299865
584,15.201620503601418,34.694638005372184,58.58647884535192,12.204144028551706,0.0
585,5.763494850676634,13.410993813918328,62.47838627894025,9.846993170350181,57.13506221433937
586,1.820719874607934,27.378613851189844,7.177580622651303,13.61969733599097,7.788854852587208
587,3.0931133258555814,20.107969202607304,68.26172212234025,22.873408760246054,13.346460616803688
588,3.0731001349865386,20.70499037314037,24.193168031552958,3.780060835919828,24.94200266684163
589,3.6456646442950644,27.939944141454404,71.39526325065899,5.892576476160522,12.267957154892557
590,3.3318521435858433,27.31090378310924,82.25347943841967,28.54334476989276,5.192854966068907
591,15.38099387527715,34.781399842554706,80.39585075525203,5.264748821440721,0.0
592,4.365122025579476,13.20985723635313,55.25009674078891,17.031819537931636,47.68559369502521
593,8.296014799772717,12.602741234604158,52.016989231075115,17.379433999858136,53.44376297368258
594,21.522921837744285,28.108470428218528,14.287596133941172,14.688733861507345,2.0936320841367104
595,11.375079366308936,24.459672925160227,77.53461504031355,19.34235745730456,2.0676031280335216
596,16.021385724504654,16.854016663995147,27.140938044671437,6.8948017739285525,34.11682228245779
597,4.135676908839116,11.985484224724665,49.669542281794655,16.579868033302446,54.48172510594336
598,4.614936451408099,12.141456239910763,28.42740929275167,11.165197657406914,70.06446815546202
599,0.9808467903954927,32.35477186660296,13.382836299969314,19.85001778887567,0.0
600,4.054441513731949,14.796683117968573,62.95576968917366,4.236706301194484,49.13458286161927
601,6.686168136767007,18.084289052888018,5.4332034822903825,17.126322505184287,25.2399486774615
602,4.248251622641924,15.6664100556747,74.86452341262,5.558110661499711,49.164670266382245
603,2.1288608101693347,18.87490764579843,31.758679526111667,8.359291893451092,26.713374764839855
604,2.8952609064144195,11.735596068652335,0.013469300448532007,6.561294009707497,75.9380581732518
605,11.058690432785419,22.976494772706758,51.11291392372298,5.485133396064513,22.223374958531565
606,4.95200924173902,11.690314089805373,4.6851908527603126,24.77132854682001,69.65907988719982
607,8.742476665153811,30.00891269555904,27.616955782089946,8.57122702982671,14.103578617356776
608,12.082014500516564,15.842802047760825,70.69764874557161,27.81371345593348,30.051062017805283
609,16.569475887104765,23.500297865112763,6.268962162186586,29.097795760355726,9.414260719943835
610,0.9434913561863745,32.00197718903645,83.93384923560023,17.13781409811292,0.0
611,19.185849573817023,26.271934226179855,0.3819922658583108,4.290033679971792,9.022661578378687
612,15.069609347781785,23.323944663783383,24.682386920190226,11.236447301387438,14.297280153208991
613,1.9622167667729258,18.10834382788439,74.09040561520715,23.93196790044642,11.451241730671066
614,20.965886978562654,18.32504782645495,31.627014972930677,11.021721860912114,9.137061593568761
615,22.100937612763516,26.737173879954753,10.189238806601352,2.6105165490836626,7.335618090778082
616,1.46587103651673,34.85348403052919,36.02339188004279,16.703547327845637,0.0
617,6.645063555532889,26.545979746234465,27.039328638452552,25.353625544881044,17.730043729444816
618,19.348830715033472,23.944585434250623,84.27119021605549,23.87779161430507,0.0
619,17.9582325692078,28.266262755981153,31.334791758514314,5.253694203910597,2.5349494060856324
620,4.428504464553056,21.630140307092955,78.89324717760073,20.182938432374,0.5414951596765327
621,5.024383760081047,11.503558565019631,89.18721448107347,6.615127903069413,67.38558113319148
622,8.891330466993168,24.057420396947744,43.381741957652956,6.546226036565167,19.193810821771436
623,11.628551644584512,33.9406321126345,90.9943143854392,26.222153199155553,0.0
624,14.838114516727103,14.382573558941491,37.73180539631929,7.490068582206905,44.80642549025632
625,8.853927349674539,27.250122270516645,96.40784164901082,7.897420395540335,13.15874087958655
626,11.10083318719555,15.023342216476411,8.928952452557294,0.019601722838986646,41.9679770012948
627,17.93930251521016,23.39569211182703,68.70192665032427,26.12007102376553,0.0
628,0.8803968693743496,12.416911241167991,49.38140404569287,23.77784439627404,48.73960053200022
629,6.058486664256498,21.25927340645463,38.76488054556471,18.81986805272034,9.266694051660691
630,17.12039006122926,28.904083222381153,63.27118787486009,22.50797291816527,0.0
631,21.484964104492782,18.68928810597455,70.38570916343312,4.5614570227347535,9.584976033926704
632,12.280258610775988,26.62279311218045,0.43632696503090873,13.749707837627263,6.726647636054646
633,12.770723646367575,29.88624901974323,16.69530887471987,10.536581620463426,6.443017461994436
634,2.5721282721546253,33.17944548698632,71.30460506343186,2.8132957877104947,0.0
635,10.737896803762911,15.866052046386338,66.63854135782064,14.583914556447722,36.571792289379175
636,12.782814394920557,19.982897895232703,96.60475051286772,27.62218951027906,17.12349593710592
637,5.819292087233512,13.810400333260436,76.1037790250783,1.2017735715208344,46.09008173617738
638,6.461837542785143,34.81208755395938,95.0772707731338,8.743827404813816,0.0
639,9.054819914510944,33.17502419810738,70.25405015348069,6.226228086171104,0.0
640,0.48170874666543284,23.49892825701399,29.805220863944314,7.14439960997089,16.02066300390261
641,7.729899973996279,31.05083235941053,10.536492225085647,27.253036556381257,3.3769847872758567
642,5.0747521679170715,23.023949431801057,78.18238633449356,14.042071627028704,1.3104184967364696
643,7.8599364522699515,25.589642200068994,64.4149221475916,13.988982388194565,4.603359485631447
644,2.874291163662029,12.228110802900416,4.818601239329623,22.817269273658468,60.83157737527894
645,21.37265473775748,28.881760512420197,36.005046590097834,4.634766120147774,0.4943181352908225
646,14.246218885297168,13.192837090880872,95.67998154842861,14.617960623001524,44.66410168238227
647,16.29845565946775,30.651690756313208,50.04011457102012,12.899556423631791,0.0
648,18.940109726576118,29.550702191759648,43.272913601970465,17.907320716399685,0.0
649,11.962612774297375,27.71861744357441,45.7699605159294,29.986731097513157,3.441508817298841
650,2.0860869140981686,10.904009513119053,20.88827240051637,23.083466822461414,72.26740084311963
651,12.890557003645146,17.578208898633214,36.87071708647952,11.935971090522816,27.449349501141985
652,14.0841868325011,16.577814247771073,36.98132559871766,24.82659156822141,25.374884585761293
653,17.890547380423918,19.003410186787978,5.2355020187472405,5.121250899374406,23.007953094573935
654,10.359829109512305,12.191068669095964,76.75676285179182,0.9139105892688038,56.77124624924709
655,3.0619272670935302,33.42394557577657,41.6504431903879,6.133451173928192,0.09930019799449641
656,6.810621739169387,23.845056017809405,82.21798868164232,10.21234668342779,9.107252708336718
657,8.713975113567242,17.638107766450588,85.03480011198954,15.317422723786796,16.71671106070588
658,15.50201379195843,19.924537926857084,21.199405469865805,18.453874216235995,10.423378482146525
659,13.698679312053885,21.18006351262089,65.73534821701286,27.318171516432653,14.88139776824218
660,8.54632142154831,25.014858334015432,47.22818041629817,15.29562028651373,4.419716802023258
661,23.67636597103151,22.891985692412444,88.0156737921485,15.038269338771881,0.0
662,14.538595664565293,32.98479933036043,21.57406791764541,1.507290294689464,0.0
663,5.6934430016638675,22.424087072645754,67.78132003100443,1.0473465796867143,16.979901898650862
664,2.44277934288969,34.80395037058282,60.775212225272256,16.53479885749116,0.0
665,3.6686193404239686,31.285623943627392,29.53014775718328,13.145358397450336,2.04284945384697
666,5.902985481228195,15.212762858933395,13.660090365117261,25.17541184940896,43.31470260900376
667,3.856352958229336,33.264880366097906,65.16397604772766,4.820387541355355,2.8880601915712045
668,4.477608577231338,12.909159947136903,73.85974581323308,0.7491498635114879,48.6184610352693
669,6.84228404865233,30.43624271227979,31.562734376335,13.471163037903777,0.0
670,4.160966287074116,19.515582336914502,64.48326040223138,7.124356702567725,30.118426975331424
671,21.522370191034206,31.949358011126737,39.51309076115032,1.4884312001651234,0.0
672,1.925609895879413,31.70141725268626,71.32068832826177,21.73794860542887,0.0
673,12.588273349686112,30.148135002940528,19.92152748940531,3.347789998717424,11.25766476269099
674,9.849523847751875,29.750760907676536,89.02150026361744,18.24958500023315,0.0
675,23.57708680580655,17.61697847745102,28.74095964655797,8.431492505006675,25.78984183596126
676,2.6889336520332563,12.022982076281306,36.77859877561529,5.204881510650661,65.10106795778924
677,9.548534377097798,20.07450446912904,5.8091952080349785,11.392545687579524,19.98915090671404
678,23.267290398608854,14.338112874662716,11.15122123212764,24.04337328668861,41.02397889728649
679,20.772171021455527,27.373777222561543,51.58619027123281,11.76280730713718,0.0
680,19.60972970278272,18.65249316344464,26.75926767279715,22.52308947633167,8.086347592126703
681,6.189667849078556,34.39025502149787,83.54802257421944,3.764588903974521,0.0
682,4.10130209736158,26.0243019336333,1.4693388654953843,23.183142589952375,16.485151784043733
683,16.047437278186344,30.562014090859023,37.90940486719362,7.107999747199459,2.4124936679585867
684,22.305023739062058,13.313116818546211,33.73455467690927,20.321793896666183,35.334341413916626
685,13.362309432334314,31.550362056815565,1.9327630917601035,16.97344664522989,0.0
686,13.718704547277596,33.068929762834856,12.436839900051023,27.87434151635062,0.0
687,6.71949824784682,22.176547970473397,41.36426749186353,11.61967553925942,16.685889034497208
688,18.467830396606487,25.156323443774436,49.28645844474466,1.9849556650332134,3.854462089608329
689,4.489049965380561,29.120245022574885,40.42897472548691,0.5746645665375871,7.662327574378283
690,7.768301673701848,14.370965681510313,53.093767841209385,24.805756829182595,43.27046902483357
691,10.210474526794002,22.56415191158606,59.51316749056815,15.742069129842966,4.802508937565115
692,12.18264908842692,19.966575694307828,0.992382112783563,23.257321555048478,15.07469562304685
693,5.817833577961926,13.659349804056227,46.409515945350385,7.032768000345441,58.79648078630882
694,2.756083793740885,19.188360557288284,96.34992408875883,10.352512365397011,16.799981340099237
695,14.654881018599182,11.70430773463734,51.90322801295487,0.9031161663395681,59.86820660943744
696,6.9271332777661385,10.645297673737174,67.75422674589532,28.844769737223366,72.66753828156997
697,13.949717314142696,13.379157228870568,31.18638579168832,20.036037201024403,42.750922843293566
698,3.7047051665808555,34.07787778972934,77.39913781527625,27.996152632779186,0.0
699,11.54736244451562,23.738238397375426,77.2921481876115,7.9648922228721695,17.267627059455464
700,12.78214638123806,34.1455540288305,52.129604765413895,18.343908336769825,0.0
701,1.2437648837382458,20.8124469582533,97.60138232792136,20.354999048779135,0.0
702,8.078502676654093,17.79540332713149,12.555021476265338,9.526491007727653,33.73324095364775
703,3.225952246535382,22.653546571006103,1.6947664889580993,25.4432770504689,11.366460160138953
704,1.5209992913464259,20.98779221582275,77.0158211757096,28.414843887007436,2.9504112951840695
705,23.759045577358684,12.641617106543599,80.71555373648826,26.54565353088013,35.43948833363186
706,7.736492279393351,26.020657867255157,12.020722912057625,22.172009278181175,11.687185365393093
707,19.436986700511238,15.40095456273999,26.55828329586061,8.323940391748621,33.122894435924394
708,6.111375714330332,25.48969887244574,1.755236336662891,8.448481263168953,24.68369752139186
709,16.356065333374303,26.255027309953835,29.33086107805647,28.90080961338114,10.608340555174946
710,18.245468637352477,13.800621328216202,77.31418739186715,0.30853487807076085,30.63101140559131
711,14.295329774588263,11.533740677766705,51.79605277125789,21.481499197264334,60.6554321879204
712,11.317828525203801,29.519039651710994,34.80955931682881,21.187384876657866,0.0
713,9.884181939534445,21.495010594233005,37.17392949063303,18.680686228493922,7.945417869074588
714,8.372838397031888,11.454094887636895,0.1353625715468154,29.703265382605974,65.61584704832633
715,22.30869946194782,34.87165792924418,29.98005275652359,9.356383072911758,0.0
716,19.934865786905497,11.444514024909166,64.64587416379305,10.199155913797446,50.92285745103639
717,23.1606458559963,27.37588072146383,97.41944438163571,2.3681820883966664,0.0
718,2.9831333636530735,34.59197313158534,84.70608269838995,13.283944096312123,0.0
719,17.54081940488746,15.97950260539814,2.3594964645529126,7.831455787045442,35.6906531490144
720,22.520170963704906,13.556234217179904,89.85606046748393,10.301601065329326,27.066647249950254
721,4.349593587975844,13.034623485560722,78.3198413298626,25.03715370766883,38.52854444012918
722,1.5959104168026599,17.58187868918989,78.03761235709804,28.064535405824873,15.081926967907963
723,17.786895582961417,12.526145275266167,45.79957590035715,5.571992160155569,52.693275285082684
724,13.787354716317886,27.3040335423533,39.80052929545028,11.175267946603975,4.149800868955862
725,20.20389064219853,11.557294953251567,30.29157288331926,27.858916863461822,46.44137075427581
726,3.354537039030948,22.735553203744743,6.569485895436578,1.854253820676679,26.19609153804705
727,19.086415484637364,34.91742134632442,22.82353634936991,2.7708158433413557,0.0
728,4.839055681145869,30.34925673765047,24.66036349780246,4.883729676186881,15.011648643955517
729,3.927742628776908,25.38048595577527,48.40770697102016,17.856385023806244,4.799127426143251
730,3.9423791503438306,17.656340519665292,74.7444406596694,4.514168130179924,28.825297180651656
731,19.54979328555317,25.59739590729096,47.38098283979466,29.042291443522004,0.0
732,15.964733296708804,23.17603659779129,5.784444944716061,13.40143581775561,6.853371152475834
733,12.553570194458864,20.65208459725929,95.77898009882038,15.045538810504992,11.982761553978028
734,8.61193161896406,13.267759418504987,94.27243190941122,7.399758474162194,55.07071671453498
735,21.0528129795146,32.16510538101167,78.51895431484084,14.128807573042005,0.0
736,9.41868257814325,21.24461622053306,99.13279015642206,19.857408979110346,8.185815187991057
737,19.59838654731785,14.865562795519127,54.448233280026294,22.535314108621282,24.1046813693925
738,10.539237805685243,19.19398377193224,96.27683502532061,22.61604248129739,20.18001783438285
739,9.046666306197782,20.353243813223173,7.560504061675077,17.33673338082265,5.587293332276737
740,11.104314856070555,30.688447389171856,36.568074826137135,27.130793249815717,1.9644602221404779
741,7.23306897993941,28.34035951403505,22.538126800676583,24.522235419183282,14.006320792255778
742,17.942625124230027,29.232622341033494,19.583308413427,22.711443440958764,0.0
743,12.065289362219499,10.27578161071618,14.08029488926761,1.6681656504138187,78.911370406846
744,5.573104683523615,20.40384995449404,62.241364156599666,0.20633886658947942,22.08302789114142
745,21.589789758589642,22.03360379088309,78.1321855747305,6.373418315864189,6.282164610104297
746,9.213389312957073,10.479806920576417,57.82983994203607,19.905707817403567,73.13385513580428
747,13.045268666735726,16.495330218625856,14.696270958820968,12.335924666476375,32.57692035266599
748,21.755330663149127,29.007245578053375,81.11237699334708,12.072187778979352,0.0
749,14.98171190193581,13.427742643224976,63.59547071637285,26.537606646888413,44.0157265247069
750,2.8055529770007377,23.38275328631479,38.81657061269955,26.866885443955162,12.596012917014459
751,22.555970966723404,15.380046800430938,67.4130295536063,27.275257921607572,20.004356234984968
752,15.064993273714029,10.303019366097331,25.990497924283286,9.41634229545082,76.71950202013647
753,8.037734751770067,16.030036439988535,34.51922084942105,20.731674382177854,30.800130439412193
754,3.342529743921294,34.39684387275135,91.74858431319902,8.14899543823109,0.0
755,19.056604542487104,30.03842779707474,29.05045056714204,5.718294992233494,2.10206046644395
756,14.881746142284324,33.989416108025836,46.99882681579366,5.538973720421076,0.0
757,12.803066207431716,22.196351098159063,89.01411373960147,10.263228625907821,14.46268256574159
758,21.45342199322298,12.743404966937588,70.77213502675275,12.898728593394651,32.20287807329284
759,18.92633306938874,23.698987224342325,6.220322616470275,24.92847513165205,3.6327048936547994
760,3.6401971135860283,21.359433363999024,14.730304427897034,3.5967328041813627,30.844891310202687
761,7.4813296270931575,31.1089270684904,0.7841590771916818,22.047775421846826,11.506637926281467
762,5.963739355547178,12.452064519606115,63.09217902291634,15.94364742567916,59.57941811633306
763,17.854711021744247,22.206028425544453,44.767342541041835,8.638360280279775,7.89462719798191
764,0.8047784336587052,13.751216617349606,13.427485090227552,14.784587535984738,46.12719356895992
765,13.677352436911598,18.1168981722515,95.79341210567705,8.998262093310679,24.870698820507975
766,18.299008457776573,28.43392693469499,52.96597239456199,17.88245865714918,0.0
767,21.042375282281988,21.900453234219164,24.189329411288917,13.015317685657326,0.0
768,8.20996196918178,19.397207128644233,50.06035711547076,4.932165872366362,30.36191985120674
769,19.710175312128307,19.861906964250885,67.96203327351078,3.497492236670902,9.132982684281371
770,2.6551616869249735,21.486169210149665,7.623921797356448,16.400870462163905,12.860652700929334
771,20.314855001628437,29.62541359592642,27.4703815047892,27.072390998583103,0.0
772,3.059727895967578,32.30211722350586,80.69654908839937,10.318730596730566,0.0
773,9.534894973448814,33.883367162598205,45.966487040266124,21.990003216678698,0.0
774,19.13508877870929,29.672584656382377,54.65771420322949,19.75984064819301,0.0
775,3.5980182563705707,17.88517239370032,43.28160022094693,27.94664742928443,27.743333235662398
776,5.502033485583396,27.203367652163553,4.389994264300512,24.629430518974225,17.21354393692951
777,17.334061641433593,20.9400781013848,16.574977982015593,16.99815776716389,4.718602797465448
778,17.280876877105783,16.36676555115128,44.554163874189086,19.71091494702322,20.451675188657738
779,15.387543189247136,31.021789485648064,20.918546540792782,26.951593997521044,0.0
780,16.6547626672104,10.960658724058124,4.997902865967873,11.985563537608044,68.30914747373522
781,13.025386640342308,32.54404980338559,84.36496640518237,9.803841175733321,0.0
782,6.043177413766866,21.53693661561835,98.11925291641158,0.3243325090558902,12.176302785239908
783,8.296703844094067,25.93003692020701,79.31428739967394,24.796532225743928,10.403860162475583
784,4.358345203234216,26.483848055144566,85.3784921704667,24.029421012100947,3.5308459303054347
785,21.80281347200708,32.37794351766341,24.197713031704538,3.1336355430045417,0.0
786,14.001403074386891,25.916742054180183,96.06269755131997,17.305721433981006,0.1341857917330982
787,9.620434002327357,25.348339619001543,19.692570445342838,13.919450945006622,10.972488289112
788,11.088139287459185,11.666301014017249,95.14298103618323,3.561272865273344,69.42470822714975
789,22.73480015068357,22.9602005486301,99.4819293965951,29.417046811821706,0.0
790,3.6804336747859248,13.754225020426041,71.17228057460487,6.440876623900663,49.23040522214689
791,14.069515968403135,28.43584421803714,98.1143731791822,2.0170254027168344,6.765255290787206
792,12.141328293227183,22.805548020316863,56.95397795671037,17.845421385057286,7.466263644590806
793,14.674901650431547,27.00569448020883,25.954178317609035,22.16600031399098,5.965172416711278
794,0.4346444117001722,11.041822515059607,43.699588566562085,0.9733033814156089,66.6243603162315
795,20.930973814659637,12.119800401145081,59.35609353787859,19.761529161810664,39.37252807856719
796,22.370838779606697,27.908084701567056,7.308156202701499,15.968756278543633,0.0
797,13.563196406141014,11.802108399966833,62.234326461724606,3.0979502662514524,66.11966548934751
798,16.719619773045416,11.781418194131465,98.11778367622945,5.175716308390862,57.486451474713455
799,22.139985148255096,10.302711880872186,19.010764978372762,17.039228919482415,63.164085246811396
800,16.973727223521568,33.912534957487004,79.25951162883833,8.89072840539865,0.0
801,3.6609370299422723,28.437708986475172,90.78987937796194,28.14947185953948,1.392677566074351
802,13.830920644003516,18.831285212551606,94.37015928202209,24.562206884521522,16.742944760621295
803,14.561161113188541,17.41338953219138,96.01356044054472,29.50701619540989,27.163929232519642
804,10.179136111257264,18.742580743646236,52.14596387214719,7.79012516851242,29.633344085162083
805,17.674661654993347,29.366338279529547,97.73079079915037,29.09170898393931,0.0
806,22.424808354456356,26.534265276760358,75.73102071344388,12.937016093746736,0.0
807,22.213644309762632,14.629889196686698,16.16714362369619,10.42556385941264,39.675234697050044
808,10.82014491369917,14.35273338335211,47.690010646797,1.5104858090805973,47.4322688733529
809,2.717713100178126,12.459891242834933,71.8331175372004,1.5829577357880786,48.31079970301734
810,23.63618877509603,26.507567992533453,24.734031581908333,20.76033767839964,6.235372837446859
811,20.133554074702417,29.109316555543398,64.06151835488873,13.737869833020838,0.0
812,2.9919043488784043,16.6261607081251,66.66004790466192,6.795648781083171,36.213340030957774
813,22.100205182816936,10.52362402577282,16.26997438085659,18.41910918975698,59.094513642136015
814,20.877512689491077,12.054291686910684,56.50853124527563,7.585743547503335,50.66460296959014
815,12.452113371025732,34.196500871125764,77.16269109786077,17.32895263033268,0.0
816,14.190610457878302,17.386119436935505,49.88956645359419,10.77626240948071,29.25877589264914
817,9.576064892883126,29.23057869595334,1.2103116776107425,24.706566798354572,7.742419316071322
818,1.314279331728752,25.616589221356595,0.9038469079292177,24.62088482300338,15.65222137910468
819,8.044733799501621,19.548490991322396,35.702934397001215,14.32051194367204,18.908012397271268
820,19.268482766352275,15.142181554888879,92.6194068431782,10.524573280050468,22.335925171739728
821,0.11116855211046861,13.034660453985161,22.867677960360876,10.876793896772837,56.08379368726244
822,8.00398012058746,25.375324200971665,63.43636888716871,24.171435770046536,14.525083461722945
823,9.556048646182639,29.3658445159447,22.207587069332057,9.84538448392836,15.344151587352187
824,12.89749447051015,26.097606338528266,32.16699896595486,6.271781211205381,23.44372734313765
825,22.07653479390625,23.25755333122896,84.8042089601484,2.540650256259205,0.0
826,8.31230386478307,11.048780585790906,72.88614422699469,14.000793626532252,64.90980997102459
827,8.326876845509464,34.212219439859595,9.539927731321063,14.463962967595256,0.0
828,17.700029954633962,29.967854791364363,42.87020209864336,25.227261312087215,0.0
829,10.853230581355373,17.32055091752412,2.916976364526447,6.637160893381919,35.18404597834164
830,5.390515750559567,34.49925823397126,48.0890146603009,11.429738210051998,0.0
831,10.85854838718464,25.047039740908055,66.24340117010681,24.252172166810727,1.189457747218146
832,3.3805684891151966,24.56056645518116,11.850262359815156,24.708708322469207,14.704369132075435
833,4.233287676149359,28.7018294857383,28.888493890916568,11.538332279363047,12.966073727089306
834,11.960826545747514,30.29424470225344,39.783662550215695,13.773720698600426,0.0
835,10.054210788109149,26.411965183287567,91.95310246560497,9.098576725478488,15.989460844365219
836,21.956301625634403,13.202393659155,99.32550154229641,27.976646352579362,22.39125372508934
837,8.697453578799195,18.45668764986246,4.491129899561585,3.559312972247409,32.26749076969821
838,13.934120406673042,33.20209100815124,76.1007923495392,28.012482690044102,0.0
839,15.174342910068729,15.615390296096297,37.17240664023432,20.515993555060298,19.105837394199455
840,0.31426695812000727,19.304175595937835,39.245818622948,15.947164580601935,10.498329246453832
841,15.924896928401054,20.8019220736049,75.42649733470228,0.9797718235348762,8.849607923156219
842,4.272863204874034,20.985124742361304,91.84264321454087,14.267885754660249,4.427781110455065
843,23.065687619266924,25.323489562363136,95.09285945025483,12.232443150081968,0.0
844,3.567905466074711,33.576895943617686,57.712258603832076,4.836564359253677,0.0
845,9.95097896944857,16.017317795812623,35.71211593005028,19.692288105019706,29.693886908057948
846,2.0483920338874526,13.037534407522951,78.75490858587793,29.134527221048575,39.43718264935554
847,23.924982044302737,14.936762246498432,25.100138326230027,16.865664331935754,34.407823469057526
848,12.052680247949823,32.17312250523174,56.40740288335178,21.442598293318376,0.0
849,14.28924041568105,26.14527031638015,35.85784615248732,2.0535135769805035,10.382640685428697
850,1.6098354573222595,17.147669730979004,65.66310737078761,12.530009874509842,21.65774200158994
851,17.999051289580265,30.398673474215432,24.03989128935069,3.490754554934876,4.272533867619575
852,5.037734234294058,31.5342499090859,19.159294573482576,18.383875066095314,0.0
853,21.55330294657713,31.16285846725695,91.8239086675437,28.154464746424637,0.0
854,4.923351371568172,32.97316334098886,10.18036829495369,19.853331974149157,0.0
855,4.576505295927998,16.306025504334038,50.595790773493164,2.304091449432646,39.264974624431915
856,0.8771920283542771,28.87604821865696,22.085278296300892,10.639986149552485,8.91144442080039
857,11.329606682639982,21.5134874318535,3.892996332566745,16.519901383225545,7.6761691219664945
858,13.556187198302794,31.049963822251538,3.601881829142639,12.096232683997567,0.0
859,1.5770073462804568,28.21226692904033,17.522177210582733,25.00932031425517,13.022655789173545
860,18.612662800680255,29.411186162493117,86.67703545060003,24.440130141299676,0.0
861,10.878932033952662,26.404045942026787,28.247874397702667,18.354930603096644,6.459389546754035
862,12.58536646386192,14.43571923674267,95.04591705752958,11.203738353981157,49.55454269180597
863,10.578305926517476,23.62567297242346,58.16222929891936,7.660091212897324,24.796966984508373
864,9.618313461007823,34.616743488112704,43.66141897687661,3.1762295463938797,0.0
865,13.43136795139723,33.43470166242797,58.00888346694546,10.646930504596622,0.0
866,3.7257659023371,11.079343394925292,51.669838522626776,12.395175516231586,68.54181446119297
867,4.366275131886507,14.120370393235929,75.87762537573252,20.27468775312221,36.1367820551335
868,20.682854904324415,13.293219336364048,28.249606597285226,19.744794728927204,35.022059821857816
869,22.706771091207187,28.14949774963239,35.30503916003024,2.1032441892377083,0.0
870,8.95942359071407,30.444633246423628,89.40943025332507,11.857779462934733,2.263984246467945
871,6.4978721554452905,15.337784157766798,94.64565131504055,5.4533660165208575,44.593463200786715
872,15.455989037736378,22.646317323795724,89.25582274864745,4.7043811595041705,14.988951486276964
873,9.809620106354313,31.01757570028,41.94479939573136,24.819064492117377,0.0
874,0.6092725358482767,28.320038619156264,78.03655030068816,1.257456501487726,0.0
875,3.7476623367885686,23.555930137296208,47.63357333010988,12.57548627706364,4.911452317563036
876,17.18333349233754,24.75869226146932,49.75398521461022,5.046109672995546,8.16312378008758
877,15.814174605843633,22.709013672907,20.468010905728395,26.37990647035422,12.12671269917795
878,0.6503038200836038,17.438711282970516,59.113030325851646,16.711215398251053,14.798208197869462
879,5.327331886390787,24.125549821475403,18.613589775334795,6.941419091305441,26.30787125876709
880,5.5457951181137135,27.222132551252265,33.15646990671938,15.072818614991291,5.21877226676815
881,16.12542584636948,31.833072896520193,85.50302016199352,21.944590791093475,0.0
882,0.4730529061047397,25.907283849481203,20.707580921085523,28.743540267583015,10.399806039882522
883,2.4986059676297723,29.02803842607895,7.115828517343282,6.613380127362568,23.24578044295427
884,19.197986048956544,14.001790873864325,6.90075926128163,26.585453163880352,33.605670666730504
885,4.285071889304007,21.538936860494747,94.07845205031079,28.029123425024707,9.256318716990902
886,15.665906588444994,10.233290495677332,50.69204379618346,27.492616335961987,71.22007144395764
887,5.7163867451214365,16.166971613040577,40.941207181701834,19.062430705857295,29.99956123975954
888,2.386593426224284,28.16154287782512,81.08785810079185,18.89461963304123,0.0
889,5.836132583986898,34.79524878373408,83.5825927910516,12.096318995514682,0.0
890,17.33440636453582,12.479452489680398,33.21910331156046,22.571936469113638,43.33181247932646
891,20.536715234550858,20.037357896532207,69.36180574737952,15.938820550527957,0.0
892,19.925276749607796,30.00177421747899,77.11228158518865,20.323142136848833,0.0
893,9.532404710842915,15.100890865722471,65.46506868659546,12.853737115463863,41.130780208833876
894,16.03404327769551,23.877123732557155,15.159507480009937,21.94489392129417,6.296217184889803
895,4.919623089979703,28.32678240074187,87.5883083517057,24.734145528136473,4.137880298991711
896,7.035545526264318,25.399636256504476,53.90945527360087,4.393087698084484,18.518747338069975
897,21.512059644506873,14.700618365385402,28.24724263700037,24.98789146722684,31.456536931307106
898,0.31204616425766485,18.884614217143486,42.52281854376939,16.208895953709217,11.204611250579894
899,2.052204740507234,29.59479461213493,3.757109039890738,25.33997727270673,12.205415053800854
900,4.989270123504656,23.855662853300416,12.786680122241755,12.939051190230439,18.539650260747024
901,0.6367728929716732,10.130740338572819,76.55467505158609,11.371214561491051,63.04703485162433
902,4.3544504421551355,29.024769000702346,0.0011634755366141114,27.451821975516673,16.90001862093248
903,13.992997463272612,10.882783873505977,41.65658284822922,7.535078026452039,74.58419908581428
904,10.114189214219952,28.643344568280803,52.251018108558846,25.326369758584292,6.079884311021658
905,21.424121065847395,15.062014004130935,5.4634420000972295,14.520617175282123,30.06508693965313
906,19.61864548172258,33.951837002984504,97.30781629723329,15.422863276537791,0.0
907,8.203616440749023,19.198518782552114,22.612533124967193,9.254048444684521,28.746889140733096
908,6.22616240235102,18.173290408451976,30.419871963628086,17.19126601857047,21.151283803446034
909,9.112617796014405,13.722201258311117,30.39425122550273,9.756335888286339,52.431525417200206
910,14.167078620355387,17.64010538725537,23.04166621173499,1.1780824272495694,27.269932765314987
911,6.43352737974903,31.916269045705015,0.1473822086311416,8.159958160330682,12.47917724826872
912,14.979573788379216,34.908358440681184,72.93447940879963,0.19137130219772036,0.0
913,9.82587965258977,19.207738262671207,96.68454997992853,29.3506436117057,17.948877625246386
914,13.249132340447526,21.215265773863564,22.429348328504506,28.972416294592424,13.201092825584052
915,10.4670366992476,28.051773455068425,66.30471918034225,11.85465892416915,8.570311149052747
916,7.067178229006024,32.154894511626864,74.18963269587151,21.85112563018938,0.0
917,22.76287936709176,24.826108354669604,84.84253790905247,10.374182952312749,0.0
918,18.32653905983426,19.788142454445733,42.262919701360914,20.132794712579283,0.34416481635341034
919,3.362716218394861,20.315546021215596,30.293090564042924,24.162901291379374,13.205453708277782
920,20.84323142154991,27.39045366242017,32.52951340230311,28.402687340767223,0.0
921,11.698348757988327,10.080456590106968,71.26213330985128,12.00636827549016,75.0962018743612
922,21.469253445458193,25.489733436496017,81.6779466505636,23.49893948868143,0.0
923,19.196526142735564,18.887325261033936,18.161396775660265,7.977853518963563,18.05162000617938
924,10.205124107261604,29.854933281927106,37.09410081577652,29.70996911380945,5.580619817590296
925,0.5392633996828176,12.324765995578304,90.19401967491501,0.7730879629305343,38.66519884305089
926,6.448256625238706,24.705056673709763,80.66935196947392,18.10586419503363,0.0
927,12.999221151860805,22.024322247153094,98.48584027624759,19.785179449539815,6.89951392848461
928,15.203477275827534,26.058138147630686,75.42482596820807,20.641366712223864,0.6188654173271178
929,6.189304450396855,11.621339862074208,39.319520102792225,3.61162736367267,71.28374998266291
930,3.344545777747779,24.499594685703283,59.06378339946377,28.155893504193912,12.696885292578866
931,20.038325683183178,24.03711469898809,66.10142542473203,5.435498371502484,1.7890078742762436
932,23.625652336885253,24.016502360404274,7.845581631712395,18.682602097195232,0.6259870473794664
933,12.61656437526446,25.08719166491137,54.44969591038651,6.680282373692549,22.3006181179653
934,4.120302860359284,26.911698430659055,70.93208284726096,9.216492510638126,9.985009148795314
935,6.535375836464855,30.124724992019242,16.732130400106037,16.39375625184373,2.0039331609155613
936,0.4413762371392016,16.74551800320536,78.06317174255571,12.515802556937295,16.756162629470868
937,21.943171357451977,30.62623525450155,58.37727805141116,4.806768029295188,0.0
938,2.8260259893633872,22.45639205658634,95.22217856975946,5.128092072625448,12.689238236728281
939,13.836395412342085,11.92645697835828,4.24222982068917,12.54434364488399,60.444286397232595
940,6.577325296492944,11.46377323109948,26.5326137555467,22.71848934826502,67.86490711932336
941,13.300272060379042,18.355957967401523,60.15538792998241,26.938939405433658,23.629561225017433
942,15.63408932044474,29.62242442778669,29.65599122059307,2.523829867781485,6.189792227047256
943,19.91380328897284,27.692023368522893,71.44241640712423,11.793117226782032,0.0
944,4.954110522254477,29.71537411681016,75.9005282521931,3.007366911686299,10.041833568077234
945,0.26389988780353146,22.931726411040234,10.251596406647446,0.4977744189779365,14.164066870407401
946,3.2852551216513746,21.004974948887266,51.38544642067677,19.8515604793187,10.13620418897922
947,21.600447404354522,13.686313167657099,50.889055559105586,18.073483258997634,28.243746000107947
948,20.973361861500365,18.20481884023279,36.92807702155411,4.890573414446586,15.597583230634427
949,14.3379144520874,20.85048415434688,93.29248625696721,7.014384992791923,22.65071216167184
950,14.41240465040768,12.215010741990431,82.75063198732212,0.7112326093355514,55.32456403269961
951,15.960880189110132,15.51529881778028,69.72093819096368,25.048416170832112,31.399637875423068
952,4.20891068696279,24.955632351593472,71.43266357349975,29.240717881456543,8.115303162277568
953,21.945886702199033,28.391577855979747,46.17161438131191,4.063786103840724,0.0
954,10.050492597409754,34.95868778482374,92.09945210965759,6.944256412958944,0.0
955,9.195324677987939,33.327833283588944,69.45954272532853,26.052285718408022,0.0
956,12.454024926788101,26.06412998837979,72.89810616558164,27.793913938685545,11.135913650243264
957,1.127183202601321,20.5312013323518,86.16909037873452,12.58882148420431,0.14223205054923993
958,3.990800850145906,25.90443411770582,27.4071589342191,1.5186741680722238,20.494920114913057
959,17.71280679423289,29.641290452005798,80.7070903866703,1.181755010784582,0.0
960,1.9871680302030352,12.958404773084684,19.524060295649203,17.218495982070312,52.73606679816515
961,14.475650627193318,20.247622242407207,34.53419522448878,11.78685326679537,12.071656358186694
962,5.888378632351703,30.99505714089043,33.56104542698427,0.8595728273296355,2.6256956665559716
963,9.343094737007437,19.5958237983261,97.85254683891405,17.4975717693767,12.261797738381578
964,6.928649682496797,24.296806780679663,85.65372237479268,0.33907609767067415,10.389554148585509
965,8.53614519515878,24.694234021554955,70.11698615902597,23.62115874447819,6.98499666810822
966,17.257101724421894,14.611906328340984,72.70567616153902,9.192984681101148,34.08593835053083
967,7.1309211749562005,19.05588604130721,56.20727944025711,1.207740090276963,22.73254263508862
968,13.593711367125533,18.362782218548304,94.70906671085191,17.650566629494598,14.392435898914986
969,11.425209652778392,10.65491771330162,49.62587528823615,11.93053243299164,77.1812747556321
970,15.928107968703555,10.60479409728388,38.05177098698945,29.214012400714484,64.01694844376512
971,22.48391374379419,30.792426091894338,16.3035336931591,16.325959875111067,0.0
972,17.581730333046007,16.82677024932031,78.6205652261058,8.257175431110248,20.796463702976624
973,5.158569086178162,22.951969155970385,73.44439320755914,21.28316593901924,4.730554489736095
974,0.7483952414708321,17.468139339719325,38.43550385241349,8.14476007628134,29.775230834770475
975,6.294337063195802,33.51698112788351,2.519341395922936,27.12729874222695,0.0
976,14.281870336806115,16.482418971644343,83.89973277180107,11.241659115221292,29.621176213806432
977,1.2342195236220084,20.741420318473377,1.1417983454073632,16.49605688328616,13.345486772827037
978,11.912789932829671,31.818256262115046,70.3699779629051,1.5171931147268658,0.0
979,14.32422837400534,31.048339169795216,97.02571097260571,12.783637138566924,0.0
980,8.021853379607059,14.652535446156932,43.766132814820345,24.970906189829847,43.12565953689219
981,18.501892889899725,30.06608274489276,23.497340499595275,24.169464160900258,0.0
982,2.5583580752105233,21.454672168447317,70.48710100433817,6.729556765605787,15.356484645853332
983,1.8033067616594103,22.07422180213388,81.71281420155852,6.7823721303168805,12.86500526395785
984,17.476530148886482,13.336999310398594,54.64303160778473,24.519159366397105,39.27193579010834
985,11.891791588948763,12.015037843928116,96.70352752561462,27.911952605079765,60.249060088617526
986,16.521657514265666,28.19848267434413,5.166872165796111,2.8608276381901065,6.9361441349291715
987,10.43585612648991,22.411528808882494,50.479559830452814,13.501759182786758,4.523293586478262
988,5.9136487977385634,20.921267565379488,71.845394732255,10.12362836892687,16.84044919265149
989,19.658455624180792,28.237705716309918,86.2640471149179,26.12065366372318,0.0
990,19.185981095255503,29.137822474777742,17.925561190779003,2.505747440400563,1.5088642577331597
991,16.67271530050624,13.97270419173384,80.00034817636814,6.333778276741122,42.435517673282526
992,6.531483293519105,25.255628736941034,55.27070757185453,22.57405012759483,10.388789252309273
993,14.16553600485809,13.383852056942139,39.65536819899632,1.5388154694364675,52.86789383787798
994,8.663373526560644,28.784377150726144,13.171502857909356,14.776061421428677,3.6260013624555714
995,2.1979697598392196,26.42387890667849,86.52957589089124,13.2632110403916,0.0
996,22.015525811093827,33.91536552708645,15.727320817971535,10.03203536966246,0.0
997,3.2836471420550737,11.723950408910529,30.978785920909925,11.837169459567713,65.48582055464526
998,22.80569649169926,11.426368028781358,29.004553196243688,15.898217607906988,56.52702781780196
999,10.704138550990937,17.054676867330002,87.14140341908544,4.841020751651493,34.29885923633519
