X1,X2,X3,target
-1.254598811526375,-3.1486707116138035,-2.3829431626409403,-0.5428648573222102
4.507143064099161,0.4190094737835812,-2.530212009280002,25.108752409438427
2.3199394181140507,3.7294583587640826,4.062545805210366,42.31188651696946
0.986584841970366,2.322248864095612,-2.504538001504939,9.798980539213083
-3.439813595575635,3.065611478614498,-2.28050273871369,78.97248469939869
-3.4400547966379733,1.5878336671071738,2.5939826241796373,78.0301145410642
-4.419163878318005,1.9227656451785249,-0.5026015754945998,115.13687845903885
3.6617614577493516,3.491956515653193,2.767105569551812,48.01546542509255
1.0111501174320878,-2.5033199114081404,-4.346338424356148,-9.647579553329575
2.0807257779604544,-0.10575036356859524,-0.12428806326615671,10.794101911670534
-4.7941550570419755,-2.7879055818039777,-4.663863998167174,142.30189722496246
4.699098521619943,4.876680079966469,-4.373467965446455,39.999692197730525
3.324426408004218,4.440593396866133,4.064374533444109,33.371295441490794
-2.8766088932172384,-4.605731886314941,-3.6075462888240484,46.27521501640522
-3.181750327928994,2.0557517251568846,0.3242068227521706,53.91097990048257
-3.165954901465662,4.252483174156659,-0.8890439739929343,60.10538217766706
-1.9575775704046228,-3.1942465487266647,-1.5265667374115734,5.851888084086331
0.24756431632237863,0.6794523055262944,3.998333456872725,44.29019876198603
-0.6805498135788426,4.154882975880419,-4.781766032245105,-5.690814980307739
-2.0877085980195806,-4.660540214142012,1.637896861755891,39.60180707438545
1.118528947223795,1.9742026724683992,4.6339443421355035,56.50648108928755
-3.6050613934795814,-2.0265099262744926,0.6016818346184198,65.92409463280949
-2.0785535146478185,4.243961953765304,4.368224620330919,69.14653884281064
-1.336381567063083,4.7105824516536785,-4.477421207139763,-6.360911484654214
-0.43930015782964027,4.4426648911343385,-0.8120668092583863,-0.3021502252203849
2.8517596139301364,-0.25785783342536206,-2.3984220903794884,10.01721727568613
-3.003262178416403,3.620426509893134,2.3082096498072975,49.96363031710573
0.14234438413611628,3.445493985350703,4.812970904972467,56.3330039311432
0.9241456886204249,-1.8089952675674437,-2.434699375557522,-10.511910489555133
-4.5354958728000225,3.289154741506774,1.5417460147407445,99.18632694284288
1.0754485190143832,-4.629923652845074,-3.0190236724025987,4.429746596713469
-3.294758763127085,0.96269878482053,0.653302545716099,59.679291805792275
-4.349484070147205,-2.6999116271229697,-0.36067513311663824,89.2278635269574
4.488855372533333,-3.794331142227212,4.7200532963153705,92.99425334435067
4.656320330745594,-4.230467983707909,1.085272726964666,-8.3732179059405
3.0839734811646107,1.962887758781397,-1.5049362791318122,11.356982968336458
-1.9538623082662934,-1.6012503623193384,-3.8590421511206663,6.302538424233935
-4.023278859936161,2.2476677152876148,-3.4875317126506546,82.34294828344923
1.8423302651215687,-4.346436592010576,-2.7468307004876493,7.895380802741843
-0.5984750626039865,-1.8470966216938969,-2.49033338659702,-7.601949780546065
-3.7796176515522117,0.39491292375337217,3.5061605784113787,104.21395233922269
-0.048230898887298146,2.9072316483896357,0.6122278828252492,12.20638626025789
-4.656114788847816,-1.8124749706793009,0.23390911374366397,113.47884036081544
4.093204020787821,1.2589137643700905,-3.8523112813078253,24.40526799719262
-2.412200183999831,3.8597774823618707,3.6013969334943496,62.207383305886566
1.6252228435398202,1.1586318818230454,2.228143032084837,31.144817425283513
-1.8828892391058902,-2.670405252463662,-4.323316380999984,13.198536660748502
0.20068021177810813,-4.75599218443462,2.0783509722976863,7.031919540712272
0.4671027934327965,3.700988739009299,0.43538217342646046,12.490044046722241
-3.1514554447447294,-4.787305891496128,-4.182746542532217,64.8493433666238
4.695846277645586,3.747016726841995,-0.4169935847134356,6.355736918405221
2.7513282336111455,0.28937134027211986,-0.15303712869953046,26.547268663856066
4.394989415641891,4.390676985128962,-3.3422545983672425,19.32224278970898
3.9482735042764876,2.9878323577366537,4.456981470002823,48.94462684646752
0.9789997881108512,4.979341105333376,3.4997537148066193,23.66364912072968
4.218742350231167,-1.4928818454828985,1.690223373291083,5.198319545049341
-4.115074979480805,2.671882889311269,-0.3770443899939284,105.86892821689813
-3.040171375808548,-0.9806908639075784,-0.8823445841549145,32.30217165016996
-4.54772711089462,-0.20124379696091133,1.5097346715095412,119.84635253738813
-1.7466966923673564,1.2750546321837009,0.45431869406905445,18.791225922731947
-1.1132271031051797,3.7367711418633878,-4.377268941181144,3.8506577028203837
-2.286509682261041,4.840834691992951,0.12502648770331692,24.147984820266906
3.2873750915192943,2.6827341386451824,3.064036172328395,48.42020072136409
-1.432466733064107,-0.8223321783266622,-0.40760122403041965,5.0440852165802195
-2.1906549031261924,-0.7864299772292984,-4.480434224457316,18.153214834759385
0.4269608315824849,2.3758230158889146,2.862781993840331,32.3146116938403
-3.5907577502523735,-2.6122285423169767,-2.986362178640256,55.250015583749764
3.0219698075403976,-3.8952588686860534,-2.4137916511196122,27.68441033157651
-4.254493563202292,-1.4537784235922349,-3.352936465677041,82.93957935167349
4.868869366005173,-2.1276100834591825,-1.6978493512850248,21.88659323805914
2.7224476929665737,-2.036918795440099,2.56751505688635,17.746546773963367
-3.012843184658276,-2.6639224895009006,0.19385859503937297,46.941992398454026
-4.944778828763976,-4.579068103636381,-2.951187258492874,123.75358221112104
3.154614284548341,-4.8212606526658615,3.778300781520409,57.74594504612653
2.0685734384761716,4.877223897360315,3.7958185495152925,26.523256643202235
2.2900716804098735,-0.7222686626413761,3.70578425046007,33.74050245807038
2.712703466859457,-1.1567335284031834,-2.6120378861846074,4.485505259245964
-4.259553482659096,1.7964728269306987,-0.48760655819011944,105.13383297658191
-1.4153427145572737,-2.8174611213493583,4.849896561408752,48.62137806070236
-3.841309404748703,4.499611839502254,2.7201247630999035,80.7045586055196
3.6310342587559354,2.8634501441555207,-4.728325787744402,36.978393183034456
1.2329812682755792,-4.105889976877405,-4.347954087395079,-2.041867764882883
-1.6910197514735081,-0.8241922421507164,-0.3606862318766719,9.107395937035658
-4.364416497139763,3.791183075621646,4.092202058615602,161.2427861276926
-1.890176782843378,4.447320222914103,0.38701797952714223,8.479956203788731
-1.7481667797325295,-0.3259848875013027,-0.021874919657097536,14.509819462217695
2.2960617833806403,1.1341138921070772,-3.945263000433694,20.744777954321844
1.3755747135521315,-3.3296605390792475,1.5678010472429404,9.841408091509276
3.8721274257632654,4.911686261369766,3.2210316060022546,35.867089172977295
-0.27785074838050683,-2.6832829861655663,-1.1957999249243767,-2.3133231302293704
-3.804057540616983,4.427317741351256,2.756118509253275,81.60169547307243
2.1324478722299496,1.4964664899236846,4.644766539008117,58.67930958301633
2.6078504861689744,1.0773679487885914,-2.962335408723109,18.110710385353126
0.6127719756949626,0.12688511016508564,0.23329631194741296,13.946117297084884
2.7096717995456103,-2.6933018828224133,-2.1286204191542444,14.826223797477502
-0.06204403635609257,-3.2347196799449174,2.9285441903383935,22.11750927594287
0.2273282938199408,-2.7951379092982465,0.7759336588115753,0.18204812934748216
-0.7245898164145039,-3.1356173785574546,1.3458241755030373,14.148931267065205
-4.745808732559048,2.795844735667533,2.979141596158941,145.97811001809941
-3.9210857300669555,-1.498747408332699,-1.0402952733754511,57.160285189339255
-4.685708143132658,-4.421573234366036,4.150900684070432,131.07674019289354
1.3641041126378042,4.6910263014081135,0.3302886724613998,8.281569801241655
-1.856440189236733,3.837858849634257,-3.42045177164652,9.809216275390856
0.08570691164702815,4.27752283195213,1.9589911816880248,10.878986645699092
4.0756647392609295,4.949078226464353,2.9326135043825445,43.924969684499324
-2.5070777085112503,-3.2610475078051273,-1.8323832293247335,18.74876131639602
-0.8961707696437031,-1.0375798109734125,3.5717925699875295,24.925193049149655
2.5555113854304867,2.582384757040913,4.061432547657663,50.29475130068286
-2.7120183450837754,1.9602061805379218,-2.230955126221911,48.046164297997954
-4.23020090171207,-3.4610409366014494,4.83521472715222,124.29780654686557
-2.1024854708623195,3.158331249906178,-3.5928847195124156,19.601905712149808
-3.387787127459956,-2.7555942816333934,-2.9798433159751,48.765529288114124
4.29697652342573,-2.7618238517737694,-3.1577516076197387,14.13184748823867
3.0812037956441696,0.3697442289341355,3.9398971000787046,58.711045102189445
1.3340375651042349,0.9293993484170313,1.5429255232496182,25.502614305214294
3.714605901877178,0.8008620783781115,-3.4789571677772715,25.832368942736313
3.0367207689911453,-4.085131626022451,-0.5967658163165099,26.51085273985466
-3.134299411139642,3.774608626303804,1.15298025069802,39.61006071563299
3.925589984899778,-2.3439995741129396,-4.165359150106167,-3.702134412603098
0.393422419156507,-3.7048507871719583,3.824163684073387,32.828330695907795
3.0744015516406247,3.887480798689772,3.036035354415352,38.5713200699537
3.9609129992349317,4.556514982297534,0.05206773576638213,17.201217644984588
-1.8199652502813612,3.6212761726545057,4.671266152591704,73.5374087076259
-3.8994807547232324,3.09516074724878,-0.8223902072490032,99.03371050329437
-2.720648374580583,1.5524198063902173,4.8411031903649775,99.19293781994342
-0.7289221137374371,0.5085737060913935,1.6791999880362702,18.493483863505457
3.1801476592249305,-4.130132400885898,1.3467127325394141,0.23244089583886585
3.6073058325634335,-0.9154678692930132,-3.34045104704215,7.231159647723886
-4.930478694688093,-1.2731148298768602,3.819277583046439,149.06920394838704
0.10747302577565776,-2.4024621623967377,-0.7251031207938485,-4.406141289940953
-0.8258899685122101,2.234201136885849,-3.3776659421752067,5.8697166182521245
-2.7789218952926973,-0.04124264921229148,-4.87392480024241,34.09121950565058
-3.8013463266631717,-4.189537840923521,0.5975568363838253,88.7711530206005
-1.6238482859637204,-2.7981679805018866,0.2739962212267635,10.037040736213756
4.4290970391251925,1.8325876365959592,2.193536223691586,48.28935171657792
-1.7679706797924477,-4.238691405096998,3.902580530178021,41.68489921938968
0.1879062174336612,3.5120691404876876,-4.205934153569705,7.090515156021745
2.030189588951778,-0.04853472986025675,2.3149649034036237,21.775940342413158
-1.3637039762070602,-0.19413422673352,-3.1258805590241776,5.661020446250329
4.717820827209607,0.9240778465951758,3.581770531571639,45.3993699803937
4.624472949421111,3.2468096592514915,3.1906351386165603,47.08576727025798
-2.4821770417463584,-1.5219079209780695,0.4079375498554434,19.30074183504601
-0.02751494107614505,1.7801615255906356,2.102427986233115,19.015667460440184
-1.9912169018323036,0.6573196399579109,-1.8564988681625163,24.10456857606734
-2.151595056225324,-2.3297172983057868,-0.28832101067185345,9.432177128121701
-4.6311305264546725,3.78629986355158,3.2163689771047164,146.60419561996034
1.0956433397989684,2.974260216069281,-0.40734802826786076,11.875322044753231
0.0267902322886151,1.5845183465842547,-1.422017346745582,7.163735165597254
-4.485212487500107,3.505817290942419,-0.05787552749700087,116.15330291904938
-2.2135353576338854,3.6729420095980245,3.2824925243721843,48.41319177706603
4.082658859666537,2.083629767150348,-1.6479195262912727,13.666028654641753
-2.604381093330276,3.3701332836367204,-3.262384068642562,32.01229905854527
-3.551051279087769,1.974714616692836,2.120140203307807,69.08503599632972
-0.10547239722436963,1.8014077176030039,3.2597821270808183,31.443503833076985
4.856504541106007,1.1861137821518426,-3.9936252147646667,24.517567133008107
-2.5794472848849956,2.527166395576412,-2.6012588724405528,40.695206838298
1.721355474058786,-3.413948947069263,-3.580280102390061,5.302117892322822
2.6161961532871754,3.8087075919892843,-1.5205858841783337,-1.5619108075918937
-2.6236245600760033,3.71843527745232,-0.49649021094587376,42.8933706221957
2.2821634861185958,-4.7075271696544085,2.4882633696330645,17.134008537630347
-1.322168672807468,3.258167505647627,1.5114758488167412,18.15485908833088
1.3230583059357945,-3.711301325265548,1.2092856747843115,7.609498693689497
1.3352971076089473,-1.648811457408581,-1.476250533903456,-5.493907103629895
0.357746840747585,2.4350825629160777,3.4144755308476,38.05195940621088
-4.097102299455917,-3.392401039516918,-0.2871283260183546,85.55115883370136
3.35302495589238,3.179670241190621,4.791049380151545,53.93473193213215
-1.7921993502826417,3.32134177957742,1.3414213829573685,18.643825734653685
-3.1348148960014575,0.07467733760836204,-3.737352584354973,50.33757047895465
-4.592248584452361,-4.936141282831664,1.7617756207543405,151.81390227425013
0.9089294318824184,-2.129618668250872,-1.74895984568301,-6.985685791399718
1.7756436184228246,1.1692691837574216,1.8632719668609745,30.206962487434236
-4.834121710721439,4.811861780274235,-4.303588518375943,95.08179282724862
0.12093058299281001,1.3181352701666835,-3.251185628240406,7.131737226093041
-2.7350422480206205,-2.4019641893584023,3.557372589057863,52.45667263375721
1.4517279040944988,1.340057030996114,-2.728204429764851,13.362513212726077
-3.2563357099500854,0.3998537971585545,3.3704112524294008,82.45821294378909
1.90937738102466,2.798453951511436,-2.207239115455896,7.312353752437918
-1.132646536994626,-3.9301936117304157,1.4288191005870763,16.494133364173244
4.367299887367345,2.6102790250202803,1.9415057350983105,49.729530725390255
-3.6247905585400675,0.412665786761103,0.12654753145052933,72.08880702474323
-1.589336489497415,4.629920038589946,-1.9468932330326871,14.176505659944237
-3.8652647875941093,-1.5812783396131391,-2.873556236289039,58.5615745561491
4.246936182785628,1.326218931339481,-4.668106454375738,28.959572282082974
3.7733935338098092,4.320281055100175,-1.960535987592762,-10.990878018713873
-2.420583722848444,-3.9749027200932074,1.5316279053128303,46.70334690280534
1.59984046034179,4.372284872364512,4.383048184484826,37.82917035476994
3.172222002012159,1.8788572230081337,3.7120448226305207,47.69126322185884
0.5520081159946235,-4.321629408948281,2.6606477653530263,14.902429863117991
0.29650578356006463,-1.9903643305318375,2.884473432532987,8.5388617561213
-2.581477090995483,2.081720886452816,1.6498490347599528,39.51845992426352
-4.068972321941008,-4.326493985312283,-2.39713142433997,61.16972073770185
3.972157579533267,0.8217046017627325,4.071950307058298,56.598256857400386
4.004180571633304,-1.5411694304704326,1.7073231190583407,5.234605609042667
1.3310145727326796,1.2091551776747709,0.6044063098043999,20.130756979707996
-1.609702089512993,-4.542579661874871,-3.8901053078651895,19.30671906017529
-1.507904253873391,3.715368061523762,-0.5294445619357457,20.767035847528327
2.259556788702394,4.734889691773969,-0.3964172879807375,-0.4811344467083788
3.9711025995257714,4.688778552856915,3.645636095226699,29.0011601785049
3.870864242651173,2.4965183174292473,0.46648220187788425,35.225216818195605
2.798755458576238,-3.6991375986936803,-1.1959945102959035,32.0401812180801
1.4203164615428774,2.582631959290226,4.768003285106593,55.214652332981956
-4.158600350049512,-4.754130835411985,-3.892794066736843,107.63640251025849
-3.3837128590538623,-4.7787644847100275,-0.7745157168805541,37.0452015674145
3.985541885270793,-1.7638978085045878,-4.579753248285947,-7.931780454124186
1.0642905965958995,-0.11356809595334205,2.3990412076693035,16.334134606154358
-4.908029483833704,2.7040741780779323,4.180765521991507,194.7866027329746
-3.9852845713396787,1.8329537660650521,-2.1996267044951057,91.02704952072963
1.6350176910805576,-0.5409729362325164,3.583416767991208,29.46320352222425
-4.949384161537813,-2.263733337183341,-2.0778176953810226,108.83188017952412
-3.3919194858250137,4.9712450015771115,4.107701616439153,113.26636674402181
0.48733789366586144,-0.7381869776402707,2.5396190359678394,9.240957772484043
1.918951976926932,-0.486129756703245,3.0490677684143854,23.73934675972479
1.5196125950260058,-3.363761788083308,-4.8199344439954555,-0.2982146899820848
-2.757306905394402,2.9480954874992937,4.62810357074026,98.20985719418208
2.1217922134753584,1.9368222578148862,2.2667099207032324,31.79739135731493
-2.6275091250319993,-2.792303872112396,-1.952489046138667,19.223434198677793
-1.7460030184073227,-4.1761895438415735,3.29394664858847,37.57267717735171
2.4649140511802416,1.8049930207471307,-2.1847880158507005,9.42249526526491
1.496328990472147,1.5451121428113526,3.727538395661279,44.440265207971656
3.4922341049417795,-2.2674047300179065,-3.87419609588063,-4.026175137329885
1.5761289230034334,4.508635622504103,2.036859774607958,26.337283568826635
0.6830860333547157,-3.4894210821909977,0.40698476644910286,2.073417248164725
-4.063252321719075,-0.6766519895739807,-4.034655298045592,80.88503338596806
-1.3228419694056646,4.436159201675988,-2.58106171741161,9.261170755570998
-2.3479763231827455,-0.8027268307387772,-4.8759596372268525,22.301963675248015
-2.5601035662091642,1.3852594766408552,-0.3123203453549417,40.35736222163879
4.730105547524456,-1.0240560203720572,-1.9873473923999962,15.548874304140288
-1.069022753332396,-2.2578479765132995,0.9835748429775881,7.429823386127825
3.9204655517711338,4.839776479598282,-2.027621922913828,-12.29648591722787
1.311386259972629,-0.9066599368495698,-2.0008088849301533,-4.277572909643428
2.948113035416484,3.9409920367913447,2.431931987316034,39.129005095320586
0.0263709310519209,-2.700453941089138,-4.518571640216465,-4.296353175765385
0.7690388462635909,-2.868952959749167,4.028949951919872,36.2682841134704
-0.07482306181136078,-4.688659171154886,3.5226387439118145,29.140663691508582
-3.047570122019555,1.5166682537588505,1.678046832264065,54.632980211823025
2.2245211526150532,-1.3147365627623886,0.9322157010738428,-0.4272846654021941
-2.192276375591442,3.64358249839637,3.923024981396523,63.380391476884355
-4.756840335685462,-0.2679009330844284,-3.1466982047128553,121.94003258930412
1.4547229590716784,4.681934279147217,-4.210308378091714,10.956615477459158
-3.2288932059295106,-3.1447448429687883,-2.604898300904619,37.652807636694774
4.4045858435291425,3.6862316795561085,2.945782787001903,44.22537626061437
4.539285770025874,2.7659685279174173,-4.653297332735167,41.66228515030069
4.148643902204485,2.70921844644052,0.8280683508348963,39.31882548361922
-1.2984129974455563,3.4478322811688766,4.954375161913099,74.62155507125198
-4.845433834711326,2.610239909429989,3.5569609383753935,173.3100184881487
4.283185625877254,1.2622032163141537,0.2144568904358941,25.13049325667692
-0.7181585168268567,-3.6875512231761243,-4.363590907133577,6.624402467461957
4.666548190436696,-4.674738205087481,3.313735143857098,44.49495838120403
4.636199770892528,4.208478478156868,0.989785081772105,45.940991451217315
3.5300945546736013,1.1665031452073809,-3.8506700294043315,23.30962321229038
-2.055511079304143,2.965372909761763,-4.061427151766438,17.143188333488943
-1.1490227139807474,-0.18477648487449905,4.0962681943659245,41.75721460834684
3.5113667151685686,-3.826918110376055,1.6920026293807844,2.543545016172709
-1.8307799484372236,-3.748142077974496,3.2928679931675546,39.026049079980424
-3.305072533139075,1.8556528722897134,3.7897890028226726,96.39958804775415
0.5680126245835018,-0.6969410510053731,0.7177235204832222,-1.8591114975641545
4.36154774160781,-2.994752732996633,0.17446351755041256,13.3132824864442
1.9602979667497298,-0.08405453258563078,-0.6957258967900977,7.759685379726882
0.7006117008936492,-4.357910629248659,-1.8305341220888072,5.083511938674348
-4.028235062292315,0.819714019143988,-0.6540403914128827,95.95580798147888
1.1500722669916978,-2.3100659556490233,2.738796557301564,12.301141268293952
4.900538501042632,2.9755910063718813,1.0192343101513153,48.092429766700924
-3.59915984763476,-1.8963804107642623,3.9252328995484618,80.98883512396243
0.1832965236373676,-0.4477985091819878,-0.5661998562081223,-1.113193894724614
3.7737307192795537,-4.883794600918994,1.0708957871875402,-2.13488374319573
2.407686177542044,-4.275531122054411,1.3130755309198872,4.456514320241775
1.9701574099526802,-1.075064435933152,0.9169716230632554,-1.5538511867608942
2.024840839871093,-0.2006116528287647,2.026337730855163,16.88559479552501
-1.4050884878024483,1.0002054811930368,-2.625665316251937,12.917324179244773
-2.0640815573550664,-2.0833742129069677,0.12363777545790633,10.693096691557463
3.093611554785136,1.9498188612654257,-3.9577519719165233,26.666202491300314
3.1011339467918084,3.601223971892045,-1.1548867235518747,1.3805705960110433
3.6707231858010374,2.7985098889334985,-0.12332931378735612,23.9083584750379
4.132405525564714,-4.6038117465164285,1.522242595454725,-5.398320948567278
0.11342398860937841,-0.19493052742171102,4.5053105258620345,43.55627164403427
0.015162946871996041,-3.9506982158182513,1.0065106654835585,5.204793309684272
2.9829517896677515,-2.5795498413747255,2.4359391617655977,14.779123912423412
1.4996393077776515,4.8666259326714645,0.06266059495202736,9.422651971642814
2.0196687725770337,-3.5750445709848675,1.3410403137633136,2.865551326397
2.95792669436101,-0.011118465486439355,-4.2906778386622655,11.935871283102683
3.9000534181756628,1.1815573431811908,-2.45608419158153,15.649034928116203
-1.620048431484642,2.024649705441039,-1.381469067948613,23.424977865300573
-1.24417047360056,0.5964868348691414,-0.2750664499348643,15.908233803785953
-4.06018060159131,-4.902291525808163,-4.543512544976163,113.29426260368102
0.7828014099617402,-1.7353869175600813,-3.599759024466823,-13.023764796663638
-4.640577262032579,0.1771164338471145,-2.2318569220869424,122.07681798849043
-0.3440198186753989,-4.121335008551666,4.715326909010507,49.748040857317335
0.4264463470757658,-1.4937306879081924,-1.6865299289694926,-10.909890399510566
-2.134587478717156,-4.667968912086335,-0.1795894188791749,16.025074026046035
0.9083326056901075,-4.214215028449793,-3.0390228726160706,3.779265786179728
-4.694997500609506,-1.0307672379840396,1.107800710757683,119.39562911477618
-4.626518112507856,-3.6728424595693965,-2.193167844840257,90.54335677282694
3.2260056065965834,0.6754084826155813,-2.9300742156157322,23.821418654898064
-1.3980935858873709,1.8946496913726572,0.1657262844597902,15.884976139260521
-3.7293948734811524,3.005866991090828,-4.944942008395792,61.28611358740706
0.2224326005480437,-2.9984975575518993,-4.923359673507747,-4.882474490458583
2.6999355309861084,-3.3251741774093024,-2.8093119089814222,14.93654561075429
-2.8417897250315685,-3.9543215966559977,-4.632786374991788,48.404344812286425
1.2289047581900023,1.364302495436367,-3.9197424586930865,14.602370493990794
-4.14652535006232,2.0647572648690113,-1.611393506612484,105.9631901152283
-4.483182788313923,-4.68413855174358,3.025856795798129,132.12748942045633
0.3135463156814797,4.362122462436899,0.7204864336930079,7.933038318340389
0.40635121610106495,-4.480287163485276,0.12667725956416387,0.3070750207191332
1.374299014982066,0.41296335301070464,-2.0651117679187836,14.377873792176217
2.260913337226615,2.0906051945091644,4.317537194328164,48.71991313815991
4.758520794625346,3.7096912374608557,-1.0298495876280835,-6.427036212107852
0.1630034830119529,2.1408693213242778,-4.129072332042285,8.03039774326097
-1.7704352705875404,3.017280830697919,1.1706651611780128,22.26107761499881
2.9518619476870365,-1.6054980745719396,-3.861616065233986,-0.20953144311124836
-2.291677487379258,3.148251137465122,-1.5477685719830792,38.48699126893241
-0.6102857929436389,-4.198851536153248,0.0741193871780883,5.9653549605490115
-4.215436186577341,3.9481665606052765,3.742225246851758,139.99578786815204
-4.746492565845425,0.4759237615373628,-0.06453419659881376,131.69718929574327
4.6264841467792515,3.172977699624937,2.022587660316643,56.07299795166131
3.359801205122059,-0.4768171548169988,4.928168389990704,63.46113468478436
1.9597420609369802,1.4357769519652495,-3.685108801020184,16.409220545204008
-0.9104705558573016,0.26402660936113165,-2.252684744804805,11.238353565786168
-3.2670567992915425,2.3158952175533187,-1.054239244023536,65.21610990463421
-3.4356295732891393,-4.183700179694104,-0.7817182146116863,45.18942281633687
-2.497571018354047,-4.396479160094362,-0.8897892473445426,11.713297419718351
0.4922666470612045,-2.5289676598985356,4.07611002556555,31.265738320758114
2.145959227000623,-3.4045531988681166,2.140326444668564,10.92579735141696
1.6019737671773129,3.717835665922017,1.079052140907038,21.863144513975435
-2.2006610305405716,-2.807860126419557,-1.9062728213721791,7.942682760490114
4.5486528066319405,4.758652558191313,3.2379038422129476,34.20186736868502
2.3789691669576847,-1.6310420822889315,4.550605114849889,51.42394033008929
0.5435405251140066,-3.178820843113007,3.2119828255022647,22.81796568231269
1.1172074623435222,2.8969850714247913,-4.984348948085271,14.549779517269656
-0.8039993757221007,1.5870777550087611,1.36401370183407,11.518174173012929
-2.5226901049884254,-0.018042835468610186,-4.488646185578993,26.153796102652322
-1.4402732134873841,0.5536355093763126,-2.4239277966627815,15.079224936710467
2.578461104643691,2.1920177827226386,-4.404752996522284,24.691501290281984
-4.856065113702441,-2.7154525866870127,1.0379545294938772,149.05241503262954
-3.8392735949308374,4.963339160567418,1.8658991349260674,52.80104062358978
-4.5399735797824725,4.747931621467831,-3.855123619340949,82.47514375701292
-4.592711976810299,1.5032568634693693,-1.1616111695502052,127.3566986389628
3.5546058401100726,-3.0045754907085485,-0.43763491044457936,27.142956793064634
2.036578593800237,1.8022824243129136,-1.309469782390834,8.224466853477251
-0.2582617091267476,-4.278015910208241,-3.7897499951480693,2.9766442333020526
-4.021658393489985,-4.693474977941939,-0.8105220981252454,61.48788810388994
-0.08384124883167665,-2.423171114887863,2.511780478084181,10.654046349656335
-0.2652822921943434,-0.37377043260683696,-4.289923354667446,-3.0268977505251047
-3.267981300899848,3.6827250540838055,-4.198199859180965,38.17812432794931
-0.6614835076202699,2.2716906976630806,-1.4522870816401579,9.142977718586458
-1.0149526560262654,2.4270652119998104,4.417257116189251,57.09790413085249
1.1585009805221649,-0.7450666555192464,1.6857264672291405,3.268661998069483
1.3509365086764378,-1.5406500745303706,1.7866995667256482,-2.1266625043379115
-4.546959902279555,-1.2896123701539732,-1.3808000916213503,88.47321609631977
-1.2538738537352878,4.876495637360579,0.9366079120853845,1.5343097458090393
1.2585991571423634,-4.598908085875175,-4.898688159722566,-4.60532602572456
0.03136258580087681,3.670314961224486,1.360960464095422,11.658718710099466
3.564898411883222,0.7867540857239339,4.132869475762368,60.104753301905305
1.5869363161894503,-0.6138458081040952,1.1257346834481918,3.7646533568857645
-3.370655729185703,2.252576604151365,3.7369859346634513,97.31131972957193
-4.294312525995702,-0.13331058575297128,2.2397305546609383,110.13704457968967
1.4241927820631561,3.7342323808166054,-3.7944158359630977,9.988231323199583
-4.734886894583782,4.007018640112586,4.024533072858418,179.04602528846976
0.8577558127346325,-0.7827907312654458,-4.335561556442251,-8.345239376048736
4.402302414249576,-2.231722027649484,0.33967472547763755,7.811279061166363
0.75474177875879,0.9235032859336219,-3.5786287620654234,11.95018851858842
-1.118300737934781,4.12363345616691,-4.882933892690959,-1.0605091840334369
1.4328821844235318,-2.893378109943334,-0.77965739872361,12.428532492626065
-0.41747109508483327,1.2296658356348278,-2.0495929234584374,7.003170450216002
0.4561678931593498,1.3156022009252055,-0.13999506202396983,11.952685285562653
4.414648087765251,2.33113022415281,0.7719988673455083,37.30111137124044
-1.1389736219922577,-3.684323148727402,-4.562609276910527,7.228782612853442
4.611905638239142,2.1582496468208854,-3.7699670487625436,29.455384933937268
4.053506419560637,4.090325206656409,0.5864239645042533,32.19202211458384
-3.0420886521070356,-3.2031689112975803,-1.5683264682734177,26.302261635562232
-4.3063869912483455,-2.6245667507612236,2.2917348754944804,115.62107226259472
-3.9922199862257335,4.713950940416396,1.5229164859193967,57.439203221156745
-4.8177817434845025,-3.1902304729051023,3.4560436298990673,147.1219213736326
-4.055570392440716,3.5438509336957917,1.9249282666922527,74.97383311494647
1.8300677341635687,-0.0772214355196521,-0.7006892260985182,8.898749790941915
-4.28811351539771,-2.5276892559682294,1.7296662239443243,113.11959177416443
-1.8102436970623872,3.7074990127251137,-2.246188257445815,22.495415505748557
3.448753109694545,-0.5469474499733451,-1.936865012217873,10.921495099518598
-4.767280642641741,0.14817353929690213,2.889851599207933,149.8604048953842
3.1446848258893585,-1.4076663060023433,-0.5358048359841785,11.586592185336308
-2.1814522522660007,0.9295085143492745,2.983803405183525,45.77330992069654
-3.8183517237834375,-3.3647612741497723,3.2242237366827844,96.84564511135291
1.9673716536415062,-1.0891846334823931,3.575623376612837,27.766158089189897
1.2894284677988397,4.694123223352875,4.166352358412073,31.396708501455468
3.7747201352705293,-2.4186656729887246,-0.6901477948670376,19.238184363186097
2.350710438038858,1.567366645412922,-1.8113318167886119,10.936620399292725
3.034809303848485,-1.748099357753051,0.8219874659411381,4.155781039836235
-2.179654274286935,2.7347312568660067,-1.288275765623724,38.30019799820272
-3.225604562202772,-3.6912633928165017,1.0107416680023293,67.8612334695556
2.506147516408584,4.698210450785448,2.055858626438246,34.15492053628926
3.0683473926726403,-0.4621045861636075,1.884050184921369,16.314409668269672
4.905051420006734,-2.6394953665353604,-1.2544711297987865,27.45020194956016
-0.8738232308857352,-4.265032526699874,-3.331397983012472,1.0566619516449838
-1.279819142072168,-3.302420949124593,-0.6947066153779247,1.8185458163016888
2.764129607419968,0.1977394855601764,-3.5740585591809126,22.430769952115867
-1.5919645974698216,-1.6299682356871372,3.900970351838083,30.60134006468752
4.3075732560356474,3.2888336588260945,-1.5412253926214259,4.516026419329246
3.584127518430119,-0.6911247633819411,-3.455402527766762,6.169118247577804
-0.710059726249817,-2.512857274123701,-4.745522400942491,0.7500323481546353
2.5087106779149737,1.1714498660403008,1.458223862864843,31.225385791554967
2.5454287408468232,2.067772168854458,1.3690231745474328,31.068553118230152
-3.968761311640674,-3.3295809209905016,-1.593958334187083,62.108159685708955
4.0255290667956665,-3.3238078371168234,-4.28288111152349,-3.86605930033997
0.05252372447857123,-4.6332857306645705,-0.9037110510476793,-0.3137502279695301
3.2645746610774165,2.3640201506564047,-1.8878250493660644,14.742461936043782
-1.7995039896938825,1.638045276218051,1.7712063973500936,24.330106428925234
3.9552322849620047,-0.25369124250186115,1.057792494526904,15.896533667742633
-1.107983212658369,3.441704489691972,-1.3540627180246,18.257021885571163
-4.891623485197016,3.0567015295005326,-2.821074457450099,142.59940401119772
4.053819764192637,0.8535436439675212,4.880359661555918,69.32791973481146
-4.087133232138664,3.682712805132587,-0.4599837880388513,99.14109846275156
-1.8068636240958513,-2.9415878996323173,1.8827423578023703,27.431447084435312
4.5006196705080495,-3.8808038060227212,-3.5944703242163922,6.04624777860257
4.506071469375561,-2.302503884830104,-0.14410300340602156,16.527897062575732
0.7343788812328613,-4.429131439106851,-4.724632801305345,-5.128586865035301
1.3183721216979922,0.3116952800103201,0.05455117910449925,17.964414330679414
-0.5155447802168025,4.366056922949614,4.640174071177023,47.313913302296726
-2.0678922830193547,-4.6065645933149035,-1.1579328701419977,3.5995241674576093
-1.7133545463008404,-3.778900859899732,-4.610039874250884,21.6808204471549
1.7251845607703844,-0.478009717165647,-4.690442090806565,-1.8605956556781693
2.5237452943768,4.338750175279049,-1.120132400531305,-7.864823327285325
2.915790437258485,-1.838438950232495,-3.3997506353680595,2.105837042208098
2.896181427945539,0.07234808688392391,-4.766479036718141,20.954035985092762
-4.087938969513097,-4.584271409496079,2.562136139501768,115.0984201737059
-0.05579695297418574,-3.5165679903791114,-0.41476991118109297,3.4005449787616535
-4.424412399833557,4.866301229588469,-2.1075522802734548,124.97164125571949
0.4952888232373551,4.6511869643604555,4.000831830164808,33.10072388829594
-0.5846949862662303,-4.950600190655904,-3.838610397994744,2.816391032732193
3.877041827582998,4.51811785423239,4.559188289553193,29.790114825795225
-1.4908498744792134,1.3911993781550036,-1.8603328262264718,15.494572346505315
-3.829329835723941,3.679182945200221,3.884036723086812,121.53579528754516
-3.5700831794716414,-0.4526014436614094,1.0294287647946154,68.66171191704876
2.615106317174723,0.15596028579250287,3.267073597414875,46.158619645214614
1.182180633162611,-0.11153419743079773,4.840131632104644,52.75040981129815
-3.9887732387720973,1.6686425754610434,-2.1159456218125428,92.97943443667414
-4.158931938850026,-3.603487452436871,4.61135485407593,114.74683011691556
2.0096913145911994,-4.700264101273221,-1.1051810509757964,20.440826957358
-4.272369936358064,-1.9207005840880909,-1.1448809526307766,75.72781353119758
3.218600592903563,2.0468076273664675,-1.596128957454943,12.483255751165832
2.0624222715649623,-2.9814654787705166,0.41407607347585174,7.924891521773206
-4.186512193581002,1.7343243332491731,-3.458549568215129,89.72256411037213
-4.15162285914808,4.699120461072704,0.5371148535801122,72.20613409253832
4.866395785011754,-4.060992842105816,0.4170481241000399,2.987139812891021
-1.257292042438797,1.7260211822512623,2.6190181260487,25.892027743255685
-1.293578529331091,-0.5624978069542887,3.3364996193758554,29.142743844790534
3.1279956725750253,3.681422543775053,-0.5955864968757592,7.765297150029802
4.472485773838587,-3.228502105526141,-1.9766675064850627,31.9262115092701
4.860010638228708,1.9262595222616454,-2.4066510268290555,11.356457380874303
2.5337818525894162,3.381152896481103,-3.0537616329512804,17.07672785071614
-1.2374041446908421,4.446142194740233,-4.423524178009751,-3.785714411426158
-4.164992833013312,1.8324802828964586,-1.5755202116528668,104.09478468475115
2.7714691592743677,-0.02825235991572672,-2.2975230786921674,11.66508182154595
0.58404249735805,1.1784724020121384,4.664173858664073,58.10417524652251
-0.7577799075302369,3.6890498447871813,0.577088262500439,6.883006618290333
4.06354385094736,0.7060974663882966,-1.5272296096949245,20.797144515801186
-3.888025176938487,-4.696129403031631,0.8046760099369603,96.55179112250569
-0.07374895709140894,4.309486955069778,-3.608032986543045,-4.568761901921898
-4.886463552325809,1.8952675103156116,-0.5595625079779705,146.44538520146583
-0.3133935800587375,1.7651338577724651,1.262343214210638,11.146938966762265
-4.436967243181627,-2.8432484760228283,-0.1110216820754859,102.59155072234205
-3.8118208373192806,1.5888547023265716,-0.9822119934567572,87.36397260272277
-3.8247375322289514,-1.0613559434584152,4.938483888996982,107.28943943940291
1.492103021160636,1.5123297704149206,3.80314762148927,44.77345769351786
2.4604487926542333,-3.934069696920093,1.2340595815944013,5.5081375759545
0.833687650971596,1.5784530460303605,0.6937736118228273,17.332869065434135
4.6217254847454186,4.994137257706665,1.2066047982458405,49.215198295498546
-1.2512942047629592,-4.51787961139444,-2.9868789217756673,1.3800122021290548
-2.1428791371813927,4.7717418422131725,-1.048622567356814,32.377183082667365
3.6859912818946032,-0.9309203927712941,-4.605404671091007,2.821410007813835
-2.764041614805474,3.7075345033725924,-0.24453962513173355,46.269971636077685
4.632225394406113,2.823854840582735,0.43024583957663154,36.40883673206015
-4.878455253101837,0.6701626098666775,-2.722502638967904,139.78873607856457
4.69878826707639,2.3844920925132653,4.640288471655138,50.70996863847001
-4.568400880494239,3.7851556130134796,4.09454610937242,174.68909541945035
3.9114311369807115,-0.9585967834896705,2.2214323545590586,17.79667740708621
0.2770110908629988,-1.729668384367613,0.3338662876536258,-8.28657007714114
4.9296479611930035,1.6759338556358472,3.6996915964768498,48.342009301041834
-4.262034352646012,3.078459419412585,-3.6934765617653706,89.3439539393922
0.5385428440132074,2.622851347766158,2.90509794274885,33.844124590210534
4.69302535619099,2.978136488586345,-3.751791860331517,37.612664816259645
0.23097844170148818,-0.6441668518706702,2.9421066254940538,15.37696882022186
1.2939863813526253,3.1783421617502157,-2.2423243174864305,3.0831068666396884
1.9574868898461713,-3.7979094462939154,3.7709058101818886,44.250506706234525
-0.4545893523222677,0.44489097960849566,4.440420938253979,53.5549328499542
1.2755808008406344,-4.942413395018784,-3.512040305948844,-1.455758832409392
0.8431431192310024,-1.7541417009972973,-0.3732439493460653,-8.40518524222355
4.011580104909889,-1.335384651286021,4.809873781626852,65.93870530321789
-4.545536196585421,-1.038273083907446,-0.16592564026853385,100.20602083326004
-2.190368104077697,1.9546720668986222,3.635475225145452,64.01321160563464
4.504114840765588,-1.1144189872965429,0.8873152213131981,9.008081692843685
3.902637838909163,-0.513063773774693,-1.2467009208039812,12.653789685260438
-0.4434324721428702,-2.624558691256725,-2.142164444741298,-2.3240507438024838
1.2013259780153671,-1.2674820837065992,-2.9677690891391273,-10.888813673964425
-2.2261881701886734,-2.7273037273684855,2.6179819137769726,39.430867572462944
-3.118788402762387,-4.268040762315564,-1.1345949317697213,28.092689685190724
-0.3630159506001789,1.0344859338137793,0.11275462200751107,10.869440909522792
-1.4664777197394718,1.6821279855501627,-0.07674519998818052,16.324864216137257
0.8365611185087207,1.1949034600961452,0.7727902923313126,17.25813392814639
-4.222653630350152,-0.36505956199427647,3.655771456245523,120.63556288901185
4.743948076661665,-1.202142198207702,4.807393435834294,64.2870153049539
4.862107444796029,3.633336495718252,-0.9241579142618308,-5.173212535545585
1.9816171401974518,0.19081785136218077,3.2751892210630302,42.65165724740499
0.3609636634412041,-0.20818122370268988,2.6452779465471767,16.88084528973324
-1.9047238371367223,-4.743579341935643,0.735289514555733,27.64652099499796
3.137950197069486,-1.5875217237384365,4.560471436119331,59.025877826664896
1.847311725538793,-1.1980438121414294,-2.995254844715972,-4.845764918686564
-3.373830606551087,-1.0117721910309951,-3.907357896903786,46.38360745938752
4.109271844938425,0.8017236922733231,3.539619669554222,50.64384184548716
3.2253724292316903,0.3360254672687848,-0.6085018336625172,27.17834022628344
4.49799913291924,1.0790509279344462,3.469688542070605,46.13966333843485
2.2571950838836,2.6488326154212825,3.930902051954149,46.19693214051723
1.134151959357899,3.1298573871609356,-4.375424063809286,13.818292323334711
-0.8175696370938113,2.181230762264944,3.8346476298606067,42.66872603565036
4.3272848335401335,4.555236959549347,-0.5168094463057784,2.3860203913984326
3.660638895004084,-4.817674173236384,0.1043248900423226,18.739778463340205
-4.547813298938106,-3.0422201431645393,1.265925110932102,137.8960853604829
-4.73633025502748,-4.924371250218579,4.263826067300867,125.27472710704119
-1.2353663312195042,1.4747471415460298,-4.80883905570236,5.548325501065387
3.1055333078183285,3.9803054894998695,-0.23156531682182901,12.71631277656794
4.872761293149445,-2.5651770342370073,1.877220424305607,1.910408807908974
-3.495831088964718,4.2703454479630665,2.2270695769822844,50.813652133312544
0.9413071535213513,-4.397326097104392,1.9253243153710802,8.776889187663201
-1.1910914336897847,4.3443602680551425,-3.6556487059187814,1.4363280622061256
4.699143978146033,-1.4837731276036559,-2.0060441162831877,9.587700164254757
3.4211892313570864,-3.985791715507835,-1.4128447458298652,33.00375301970499
3.383287047111379,-0.14128240813674342,3.0443720767950495,34.99738966040458
-0.3130684020502974,-2.432234322794921,-2.2124012758544698,-5.2846499899774395
-0.851804976623348,-2.1512709803807715,-2.8929503613279683,-4.874496121691665
-2.2659292806929376,-1.9271003507371343,4.574480190380962,47.42099572128287
-4.436245033490729,3.030258978326634,-4.9113671488653114,88.28585482417664
3.6472237625505315,0.3916127667525444,4.978208556819782,79.02257294601861
3.129010091300776,-1.8869230084399637,1.7682129885739561,4.800778845180247
4.9971767328613055,1.1033378331091832,3.28469299449117,41.27364756440231
4.966368370739055,2.1615067422319356,-2.0538060365380684,2.896643050651938
0.5543170560262745,-2.2737599926646626,-4.8568472233294,-11.930465477265816
2.689874151805105,-0.8645089847464851,2.3786951856153005,13.62810681568298
4.44765729882428,-3.7811390666305247,3.341445970006758,49.80472912305215
3.4964739067741153,-3.188506504653197,2.404761319535192,22.147425745094818
-2.5265189825680237,1.811178539649828,-3.571497126991614,34.352206365561514
-0.4945586468990646,-3.1856165230437306,2.5342792225696904,21.639670468194968
-3.70840584848505,0.25163383667060124,2.6892278210764093,90.94573502334144
4.540510272587223,2.0904626172243272,1.5854051567005492,45.308900422962644
1.0617463445088005,-3.9312307690525614,2.661159327955862,19.763902039771242
-2.7135719449653726,0.6731221962890359,3.4592143967773215,66.98347280344973
1.7170068440585675,-2.4343721629863624,1.1360411423745838,3.4538094681775156
1.1812824045789583,4.629268752375799,-4.113952860303209,4.3498844997463575
-1.4183728196715952,-0.16454353280075296,-0.12372190332789135,12.410969729318975
-3.86442407800371,3.059925497751582,-4.223506653283949,66.42134359645586
1.7157319559279962,0.5022654215626172,-0.9245696896756916,18.700559880299192
0.20307700903793346,-4.565874671451809,-0.9289351087437234,-0.976156856670381
2.723183917356393,1.3315137559402235,-4.339901558597584,22.221601556600838
0.20163501111993387,4.51403342206657,-1.511794660305207,-1.4610977154063192
3.5218150031854005,1.0161182014633123,-3.8900190120868516,24.55451043599317
0.5190683877448556,3.191888594267901,3.082352100092221,34.10569564411829
0.6093797153538629,3.8420646334840782,4.476880259644707,46.21632553679248
3.7665360265834504,-2.7192022805106753,-4.276835247420614,-0.6462149791219693
-0.9651713378760292,-2.8795516009177335,4.551152072917015,44.24389619125487
-3.6598477154935924,1.1098098885099175,0.2257659933674514,76.95835537238916
-4.71217323686661,-0.8897153019329531,-2.0043432204612612,102.17797854762236
2.5513725567361902,3.398613028667203,-4.231379247238365,29.99604636426281
1.203095513534647,4.000231233980111,0.006242680704177772,5.445484433635681
2.0407976809922355,-1.465786206972819,2.9451554449074866,16.844206862615827
-2.870358384910893,-2.6312944102551796,2.0708647726669813,57.69827570459344
-3.6362852441323024,2.805255152438618,-4.497739885360263,58.54566232592484
-4.8545533433211805,-2.251939644518639,-4.270981646320965,131.6780251007326
-1.4941244119340302,3.2261431851367846,-0.9712671736736294,26.346441960797836
0.8991768685463306,-0.7626174635123721,-2.0470950595205673,-4.714680462175153
-1.077559549002677,1.6754989929147044,-2.6761567694395216,8.680575932021538
-0.6252507797627089,-4.044646861653318,-2.189955010912864,0.01180743699109632
4.0415869449374835,1.2385932467657303,3.0348274329688465,43.528202470532115
-1.5174453297669963,-0.4823232126277084,4.29228053631854,47.47521575466371
0.1398948915981082,0.8660846317547408,-0.9489730547243358,9.447918629501702
2.8365301274114305,-3.319857922551366,4.061110021324971,61.90777103596718
-1.0345721767872984,2.368737449441821,-1.7850429875211802,13.714615630911002
1.2208670022787347,3.627970775432285,-0.23563013656208387,6.54870618852166
3.6236370874674524,-2.8326019990922435,-2.739710021840003,21.132074725904893
4.495206236576422,-4.042854444798383,1.4047604217584393,-2.207394237369133
-3.5292651907096206,-4.763614139536636,4.78981115174809,80.31959252761992
4.265876251614944,1.4197150044326605,1.0349309604337869,35.61798602526002
-0.07883706920461808,1.0709403608878079,-1.4218591588645113,8.683544055212822
-2.4175561170104167,0.4669741271407002,1.4781744599052837,37.394599285993955
-0.40864243761738717,-2.6805290388402456,-3.7707932153461243,0.3043607201724961
4.800325752854771,-1.0909400409448535,3.886590802653986,46.47086138478502
-0.07381906007130379,0.9447633518617309,0.03083950779836364,11.009903039503918
-1.712483897124918,-0.032331411408305755,-0.5065025796035796,14.17180696406868
1.3340085431672577,4.877855202148872,0.8586478845351921,14.818684333380624
-2.598543812218069,-3.6356024744326687,1.2478386278940246,50.5798310473175
-4.241366718913361,1.9514455404759374,-4.28224193773487,84.3333388042537
-3.7112027808935077,-0.9568123189570787,1.8261722122340238,72.67352319167333
-3.719541610422276,-0.7180038507438526,-2.580683196844704,59.11358101124486
-3.4809730648770563,2.175977656581763,2.139526325065898,65.49126806123418
-3.6117282735058986,1.9243615132436966,3.2253479438419674,94.2295537066684
1.4087474480321465,4.912559937021882,3.0395850755252027,26.75198068915027
-3.1811991560085517,-3.7160571054587477,0.5250096740788912,58.78780479762812
-1.543327166761368,-3.958903506158337,0.2016989231075117,14.4151399411078
3.967884099060118,2.2433881712874113,-3.571240386605883,30.596698143366954
-0.2603835973712769,0.783869170064091,2.753461504031356,26.318394341140642
1.6755773852102713,-2.2583933344019416,-2.2859061955328563,4.2217171328910785
-3.2768012879837016,-4.205806310110134,-0.03304577182053414,53.67926655593461
-3.0771098119132922,-4.143417504035694,-2.157259070724833,26.989644385565036
-4.591313837335211,3.9419087466411824,-3.6617163700030684,99.82094808185848
-3.3106493692783543,-3.081326752812571,1.2955769689173655,70.58382697050722
-2.2140966096804138,-1.7662843788447926,-4.456679651770962,12.490145892903168
-3.229895157232532,-2.73343597773012,2.486452341262,71.1853814145741
-4.112974662429444,-1.4500369416806267,-1.8241320473888334,65.58693764180401
-3.793641288993992,-4.305761572539066,-4.998653069955147,90.30920160591373
-0.3922123196727423,0.1905979090827037,0.11129139237229779,13.499845795727035
-2.936662815942075,-4.3238743640778505,-4.531480914723969,56.67140187938054
-1.3573013895192454,3.003565078223616,-2.238304421791005,21.944971830117026
0.03417270854856902,-2.6628791808956698,2.069764874557162,8.637589518374428
1.9039482862936534,0.4001191460451059,-4.373103783781342,18.118763535083293
-4.606878601589011,3.8007908756145827,3.393384923560024,151.16266718975038
2.9941039890904264,1.5087736904719415,-4.9618007734141685,22.84062170282801
1.2790038949090778,0.329577865513353,-2.5317613079809775,12.823618413313747
-4.182409680511281,-1.756662468846244,2.4090405615207144,103.01447141736277
3.735786241067773,-1.669980869418021,-1.8372985027069322,14.411106096260617
4.208724005318132,1.6948695519819008,-3.981076119339865,32.09823381951803
-4.389220401451363,4.941393612211675,-1.3976608119957215,129.11978967016418
-2.2312235185279627,1.618391898493786,-2.2960671361547447,32.089572766065295
3.0620127979306133,0.577834173700249,3.4271190216055487,51.330390819387105
2.4825969038365834,2.306505102392461,-1.8665208241485685,9.31221710972186
-3.1547898064362268,-0.3479438771628187,2.889324717760072,65.71382830349158
-2.906506766632897,-4.398576573992148,3.9187214481073482,58.73048032451335
-1.2952789720861801,0.6229681587790985,-0.6618258042347049,14.880084617326448
-0.15477014808978673,4.576252845053801,4.09943143854392,34.67068009201343
1.1825477153029595,-3.2469705764234034,-1.2268194603680715,12.211772834330947
-1.310863604302276,1.9000489082066574,4.640784164901081,62.62770589034232
-0.3746528386685206,-2.9906631134094352,-4.10710475474427,3.3557596113799315
2.474709381337565,0.35827684473081245,1.8701926650324276,33.37094377227386
-4.6331679710940215,-4.033235503532804,-0.061859595430712844,115.85238523798913
-2.4756305565597927,-0.4962906374181486,-1.1235119454435294,24.28841935890093
2.1334958588455244,2.5616332889524607,1.3271187874860093,30.454380225588636
3.9520683768719937,-1.5242847576101792,2.0385709163433123,10.117798426206413
0.11677442115666103,1.6491172448721798,-4.95636730349691,7.317174414680482
0.3211348526531568,2.954499607897292,-3.3304691125280126,11.037702278190133
-3.9282798866022395,4.271778194794527,2.130460506343187,68.21800530105263
-0.5258763317654536,-2.6535791814454646,1.6638541357820644,10.663165382177672
0.3261726645502314,-1.0068408419069188,4.660475051286772,38.64661244732863
-2.5752949636527034,-3.475839866695826,2.61037790250783,54.935281827594046
-2.3075676905061906,4.9248350215837515,4.50772707731338,83.00618521265254
-1.2271583689537735,4.270009679242953,2.0254050153480696,12.41369553848482
-4.799288022222736,0.3995713028055956,-2.0194779136055683,133.55634928225058
-1.7792083441682172,3.420332943764212,-3.9463507774914355,11.889633170239094
-2.8855199300345538,0.2095797727204216,2.818238633449356,63.4179962080575
-1.7250264782208538,1.2358568800275975,1.4414922147591591,20.496552781618064
-3.802378681807488,-4.108755678839834,-4.518139876067037,92.73775063131752
3.9052728073989496,2.5527042049680793,-1.3994953409902164,8.922043453314872
0.9359245355404866,-3.7228651636476515,4.567998154842861,55.14540161740073
1.7910231914448964,3.260676302525283,0.00401145710201245,15.70467863320876
2.891712386073383,2.820280876703859,-0.6727086398029538,19.347100013797316
-0.015578010709427659,2.0874469774297646,-0.42300394840706,10.308336829692317
-4.130797119125763,-4.638396194752379,-2.9111727599483626,78.1103027073827
0.371065418185478,-1.968716440546714,-1.3129282913520477,-10.276525705788234
0.868411180208791,-2.368874300891571,-1.301867440128234,-3.926982825379225
2.4543947418433003,-1.3986359252848093,-4.476449798125276,-4.2156779275018605
-0.6834045377032059,-4.123572532361615,2.6756762851791827,22.698290288319658
-3.7241969720443624,4.369578230310628,-0.83495568096121,85.9465916143062
-2.1622409420127555,0.5380224071237629,3.2217988681642336,50.263747648971936
-1.369177036013649,-1.9447568934197648,3.5034800111989544,24.650864976099317
1.4591724133160122,-1.0301848292571658,-2.8800594530134194,-6.46614396035896
0.7077830466891193,-0.5279745949516439,1.5735348217012852,3.654220559703558
-1.4390327410215376,1.0059433336061732,-0.2771819583701829,16.222923357985984
4.865152487929796,0.15679427696497772,3.80156737921485,56.89408043260884
1.0577481935688713,4.193919732144174,-2.842593208235459,-4.3186421100845465
-2.627732082640055,-0.030365170941697883,1.778132003100442,38.97303342041385
-3.9821752737959626,4.921580148233126,1.077521222527226,53.96569184831813
-3.47140860815668,3.5142495774509577,-2.046985224281672,79.91354847714295
-2.540422716154919,-2.914894856426642,-3.633990963488274,32.45470785007339
-3.3931862674044435,4.305952146439163,1.5163976047727656,34.3502703127112
-3.1343297594869424,-3.836336021145239,2.385974581323307,71.17620569029758
-2.149048313061529,3.1744970849119163,-1.8437265623665002,34.98725237666749
-3.2662640470524518,-1.1937670652341992,1.4483260402231384,51.4260040368345
3.9676542462642512,3.7797432044506944,-1.0486909238849673,2.0810661223931426
-4.1976625433835775,3.680566901074503,2.132068832826177,85.68812737564903
0.2451138957025467,3.059254001176212,-3.007847251059469,10.250703059588856
-0.8960317301033847,2.900304363070614,3.9021500263617437,46.177593644535776
4.823786169086064,-1.9532086090195921,-2.1259040353442025,15.243724102302753
-3.8796109783194765,-4.190807169487478,-1.322140122438471,49.4634146412523
-1.0214440095425834,-0.9701982123483859,-4.419080479196502,-1.328945197840799
4.694704332753689,-3.2647548501349135,-3.884877876787236,-2.9192473437914805
3.6550712589398024,1.9495108890246176,0.15861902712328124,30.77223199500069
3.1707207094928,-1.5390027346221444,-2.324073232720285,9.738620107738786
-2.420971729550602,4.756102008599148,3.3548022574219445,53.965790914445066
-3.2911241260993416,1.4097207734533201,-4.853066113450462,52.774926736977775
1.6864321992443099,3.224805636343609,-1.2090595132806383,3.9256439722690373
4.293759891275858,-3.6747532725815155,-1.6265445323090733,40.55515886384183
0.567628930139298,3.6201448227262247,-4.80672369082399,10.288259048346566
0.7161268946989985,4.227571905133944,-3.756316009994898,2.1378559503195835
-2.2002090633971583,-0.1293808118106412,-0.8635732508136478,21.13816401877186
2.6949293319193686,1.0625293775097742,-0.07135415552553326,23.227612244856527
-3.1295625144247663,2.6480980090299546,-0.9571025274513092,62.254651316802885
-1.7632076359575635,-3.2516137273958745,0.3093767841209383,17.792359179192374
-0.745635613835832,0.02566076463442446,0.9513167490568151,15.223243113046527
0.07610378684455021,-1.013369722276869,-4.900761788721644,-10.147975093214407
-2.5759026758491976,-3.536260078377509,-0.35904840546496075,28.543678677513785
-3.8516317526079646,-1.3246557770846854,4.634992408875883,99.45199666312324
1.1062004244163255,-4.318276906145064,0.19032280129548695,6.8473648232972515
-2.1136944675974423,-4.74188093050513,1.7754226745895316,40.4042271343374
0.8123822142261226,-3.6483371084517726,-1.8813614208311682,5.9789321213670155
-3.4563728472579767,4.631151115891738,2.7399137815276253,63.96266727880807
-0.1885989814518254,0.49529535895016963,2.729214818761151,27.985779706972185
0.3258943255158586,4.6582216115322,0.21296047654138928,3.88473998472942
-4.4817646317757305,-0.6750212166986804,4.760138232792135,144.5378404269988
-1.633957218060794,-1.8818386691474043,-3.744497852373466,1.7792199797524533
-3.6558532306102576,0.061418628402440945,-4.8305233511041905,70.45609691289641
-4.366250295272323,-0.6048831136708985,2.7015821175709593,116.30682149375937
4.899602323899453,-3.943353157382561,3.0715553736488257,32.531816218044284
-1.7764615502527703,1.408263146902062,-3.7979277087942376,14.11244782006613
3.0987444585463493,-2.839618174904004,-2.3441716704139393,19.14754399955468
-2.4535934523623615,1.1958795489782954,-4.824476366333711,26.35046465673803
1.8150272222392925,1.5020109239815334,-2.066913892194353,10.916086086962663
2.6022785988968655,-3.479751468713519,2.731418739186715,24.778408495030458
0.9563874060784432,-4.386503728893318,0.17960527712578944,6.700427725222751
-0.2842381144984163,2.8076158606843986,-1.5190440683171191,8.345975287113298
-0.8815908585273142,-0.40199576230679845,-1.2826070509366971,0.5376913712659981
-1.5113173345700472,-4.418362044945242,-4.986463742845318,16.939393819483108
4.295291442478259,4.948663171697671,-2.0019947243476413,-13.96792385214007
3.306194077877292,-4.422194390036333,1.4645874163793051,-1.9956600339949815
4.650269106665126,1.950352288585532,4.741944438163571,58.44435587489473
-3.757027765144553,4.836789252634135,3.470608269838994,104.73271797019925
2.308674752036443,-2.608198957840744,-4.764050353544709,-3.1114730608099554
4.383404568210379,-3.5775063131280382,3.9856060467483942,69.11635816015351
-3.1876693383433983,-3.786150605775711,2.8319841329862596,72.21577482764103
-4.335037326332225,-1.9672485243240443,2.8037612357098043,113.51544001173632
2.4112064929005905,-3.989541889893533,-0.4200424099642852,20.74784518460231
0.744731131799119,1.9216134169413195,-1.0199470704549718,10.668490625928351
3.4182877675827203,-4.377082018699373,-1.970842711668074,33.65151087289715
-3.602276233737105,0.0942212814978971,-4.343051410456342,68.6969087264425
2.952673118598902,4.966968538529768,-2.717646365063009,3.953892964373646
-2.9837267995225547,3.1397026950601887,-2.5339636502197536,55.33904728381077
-3.363440571342955,1.1521943823101086,-0.15922930289798387,66.58042152295145
-3.3573420206900706,-1.937463792133883,2.4744440659669396,65.99875669863789
3.145747202313821,1.2389583629163852,-0.26190171602053347,21.027135843424524
1.651972206962001,0.27041463911651675,-4.421555505528394,14.854199955052158
0.23065424769119325,-0.7391661610962856,4.577898009882039,39.111380543890114
-1.4116951587649753,-3.692896232598005,4.427243190941123,41.27151339992271
3.7720054081310828,3.866042152404667,2.851895431484084,47.006138598932544
-1.0755489257736461,-0.5021535117867746,4.913279015642205,53.26061558749107
3.1659943947157707,-3.053774881792349,0.444823328002629,12.894731647457121
-0.608650914297816,-1.3224064912271039,4.6276835025320615,37.50639167936189
-1.2305557057509242,-0.8587024747107295,-4.243949593832492,1.4202596633740898
-0.37320214330393586,3.2753789556687423,-1.3431925173862869,6.091837079214093
-1.9862212583585794,2.3361438056140207,-2.746187319932342,29.594076053687328
2.476093801762511,2.6930489364133976,-3.0416691586572995,19.152421985296538
0.027203900924791746,-4.889687355713528,-3.591970511073239,-2.030428043431014
-2.677873048531827,-0.8384600182023849,1.2241364156599666,35.465299223174775
3.995745732745684,-0.1865584836467633,2.813218557473051,32.65643458124288
-1.1610877862678857,-4.808077231769433,0.7829839942036063,13.093831641967837
0.43552861113988595,-2.401867912549658,-3.530372904117903,-9.326126786925718
4.06472110964547,2.6028982312213502,3.1112376993347084,45.791942568620804
1.242379959139921,-3.6289029427100097,1.3595470716372846,8.302964389000223
-3.831019592916359,0.353101314525917,-1.118342938730045,80.50179562869182
4.398321236134752,-2.847981279827625,1.7413029553606298,4.988585647750018
1.2770805307141782,-4.878792253561067,-2.4009502075716718,9.657371068528922
-1.6509438534291387,-2.587985424004585,-1.548077915057895,-2.3881981286487077
-3.607279273366127,4.7587375491005375,4.174858431319903,123.04266668852974
2.9402518927029595,3.0153711188298953,-2.094954943285796,11.590807199717995
1.2007275592851352,4.595766443210334,-0.30011731842063405,-1.6408335658970958
0.33461091976321544,-0.12145956073637532,3.901411373960146,34.172526823842574
3.938925830509577,-3.9026380132249647,2.0772135026752743,7.7557187263981415
2.885972112245307,0.47959488973693,-4.3779677383529725,25.03382567926653
-3.4832512026724882,-0.4562266544003908,-3.526969557210297,56.62037661375776
-1.8827793220445175,3.44357082739616,-4.921584092280832,8.73842354791248
-2.5151086018553426,-4.019174192157554,1.3092179022916337,46.55494475347455
2.4394629257267697,-0.11758862978221796,-0.5232657458958165,11.06804477598075
-4.664675652642206,-3.4995133530601574,-3.6572514909772447,126.70359342764719
0.698896848713165,-1.7532407310994005,4.579341210567705,35.58985581116808
2.6245868574069053,2.3735707738779963,0.2965972394561991,26.552466756050084
3.7676563676174943,-0.23981870631233448,-2.581067058871108,11.658613681022782
-1.5791825128409256,-1.2411171485423065,0.006035711547075273,6.173994487068418
3.212573046720129,-1.055237214299647,1.796203327351078,11.92181508889237
-3.8936826304479277,-0.4055323159401336,-4.237607820264355,76.02738300583826
3.4645229173451817,2.850165438370569,-2.25296184952108,10.538703814130189
-3.725113376680176,3.9208468894023447,3.0696549088399365,87.61617014915925
-1.0271270943963273,4.553346865039282,-0.4033512959733878,9.195228799829458
2.9729536577955358,2.869033862552951,0.46577142032294905,34.42163414314698
-3.500825726512262,-1.8459310425198727,-0.6718399779053073,44.685662190391554
-2.7074860476735854,1.881347060865421,-4.561000573569949,32.564497771467074
2.2225256839306624,-0.6239687594460808,-3.3425022017984407,0.8255893299668347
2.200365365460744,-2.4532937795394885,-0.544583612581091,12.476349584648496
1.4114763288529728,3.4087157942592263,-2.9081453459207216,5.231533561839455
1.9394844446710007,-4.61573651037675,-4.500209713403213,-8.812908348148035
0.42724443347596175,4.017619921354235,3.4364966405182376,30.79104780540376
-2.4820094109304724,-0.38522535375265843,4.811925291641158,73.82723044524401
-1.5430400649608056,1.3720147680828045,2.9314287399673944,34.570794960147744
-3.184022831985743,1.593539222057827,3.53784921704667,88.2114302233447
4.084505613336283,3.951177407065364,-2.580228696829546,2.6501499098451964
0.8339179476612042,1.3666968216720736,4.606269755131997,56.82635818267205
-0.9914858323636011,1.1393358476006181,-3.0307429554657164,7.222166432835959
-0.3799419635586734,-4.333479594393101,4.514298103618323,45.43717608918483
4.472833396118153,0.18408021945204034,4.94819293965951,77.79022905634105
-3.466485968839198,-3.4983099918295837,2.117228057460487,85.03055838727255
0.8622983201679721,2.3743376872148563,4.8114373179182195,59.295290426541285
0.05888678884466003,0.12221920812674458,0.6953977956710364,13.045793281260044
1.1145423543464785,1.8022777920835331,-2.404582168239097,10.027573304595917
-4.818898161791595,-4.583270993976157,-0.6300411433437914,107.16902791510957
3.7212390894415144,-4.152079839541968,0.9356093537878598,1.6992083136153526
4.321182824836123,2.163233880626823,-4.26918437972985,35.30559193370934
0.6513318358920897,-4.279156640013266,1.2234326461724612,1.7063279693891973
1.9665082387689221,-4.287432722347414,4.811778367622946,67.65561652446803
4.224993811772958,-4.8789152476511255,-3.098923502162724,12.08035042038501
2.072386343133986,4.565013982994801,2.925951162883833,29.836414739123747
-3.4746095708573863,2.3750835945900697,4.078987937796194,109.99553157680248
0.7628836016681317,-1.4674859149793584,4.437015928202207,31.393047939741525
1.0671504638285594,-2.0346441871234475,4.601356044054473,40.407564426400754
-0.7586932869761398,-1.5029677025415045,0.2145963872147192,-2.6751903569766617
2.3644423562472285,2.7465353118118188,4.773079079915037,58.80980059410997
4.343670147690148,1.6137061107041442,2.5731020713443886,46.55555845917401
4.255685129067764,-3.1480443213253206,-3.3832856376303813,8.021297398587139
-0.49160628595867895,-3.2589066466591565,-0.23099893532029991,7.5087179029228555
-3.8676195415924477,-4.016043502866027,2.18331175372004,106.89455599233813
4.8484119896233455,1.6030271970133816,-2.526596841809167,15.872776452807104
3.3889808644593415,2.6437266222173594,1.406151835488874,46.09209034443839
-3.7533731879673313,-2.3495357167499598,1.666004790466192,85.63142676484594
4.208418826173723,-4.790550389690872,-3.3730025619143413,3.869784947511952
3.6989636206212833,-4.178283325235727,0.650853124527563,4.67006507951529
0.18838057126072094,4.6786003484503045,2.7162691097860767,17.54459238396131
0.9127543574492929,-2.0455522252257974,-0.011043354640580816,-6.6214783203545755
-1.0099729612986974,2.692231478381336,-4.878968832238925,6.479469917764286
-4.452383611779687,1.2466356885426375,-4.909615309207078,103.78141095236484
-1.6480275835409905,-1.1806036034710408,-1.429706560299878,0.548801842849177
3.0285344859801135,-2.9431273780444487,4.261940684317819,62.76218561388501
-4.953679769953972,-3.7861358184059357,-2.713232203963912,122.88220229302719
-1.6650082830885582,1.150129680388666,1.3436368887168717,18.813039469754774
-1.0183130640905667,2.7463378063778796,-2.7792412930667942,12.828225626430632
0.37395602937922856,1.439042535411307,-1.783300103404514,7.503695292833653
4.198556164127606,0.3030213324915829,3.4804208960148397,54.76963077883554
-1.5365400563403875,-4.580487765683637,2.288614422699469,31.257246205222003
-1.5304679810377229,4.684887775943839,-4.046007226867894,-6.1184059830971576
2.3750124810974835,2.9871419165457453,-0.7129797901356643,16.401151970935103
-0.47782059110192865,-2.071779632990353,-4.7083023635473555,-4.966624276678018
-2.7539517706001804,4.799703293588507,-0.19109853396991028,35.88622289094093
-0.4756048386730658,1.018815896363221,1.6243401170106804,15.374348298874567
-3.5914297962020014,0.8242265820724644,-3.814973764018484,65.53984276632934
-3.236130134937767,2.4807317942953215,-2.1111506109083433,63.94084800439229
-0.016322272605203025,3.1176978809013747,-1.0216337449784305,8.66706963125318
-0.8107455049545207,1.5647860733150267,4.1953102465604974,47.82092806450373
4.148459010681,-3.7190425363379997,4.93255015422964,90.6553731062629
-1.3760610088336689,-1.617324940055016,-4.550887010043842,1.175406645552325
0.8058835027804347,4.280836403260498,2.61007923495392,19.638633941033113
1.3226428791953033,-2.7538438815614805,-1.2827593359765679,9.407721397769588
-4.869055434116664,-1.2783297616248666,-1.0754181377051997,110.85668506488666
1.635373720167106,-0.6792311705580403,2.5426497334702267,13.62502478373833
-3.219640331302486,-0.6059501030554779,4.184264321454087,83.33185983267404
4.610703174694551,1.129395824945255,4.509285945025484,56.39667720963586
-3.5133727224688704,4.430758377447075,0.7712258603832076,43.622985261912746
-0.8537587627297629,-2.59307288167495,-1.428788406994972,-3.341013956685086
-4.146503319213561,-3.7849862369908194,2.875490858587792,114.92529100748457
4.968742518459473,-3.025295101400627,-2.4899861673769976,22.311716042936695
0.02195010331242564,3.8692490020926957,0.6407402883351772,6.588269155353375
0.9538501732004381,1.4581081265520606,-1.4142153847512686,10.697741752840667
-4.329235226115725,-2.140932107608399,1.5663107370787612,111.01245420311528
2.4996047039917784,3.1594693896861727,-2.596010871064931,15.256073079287
-2.9009440690441424,3.6136999636343603,-3.0840705426517423,44.786981422650754
3.9805428944071366,3.4651433869027812,4.182390866754371,46.324714555169365
-2.9486035951799283,4.189265336395545,-3.981963170504631,23.51726839884964
-3.0931227933633343,-2.477589798266384,0.059579077349316556,45.00484756530778
-4.634503321519051,2.550419287462783,-2.791472170369911,130.15224791160026
-0.27933054890000797,-0.39460502725860014,-4.610700366743325,-2.6052043577700132
0.6484113326261642,3.4199855289006145,-4.639811817085736,12.50755756708034
-4.342913605716476,2.284906771616132,-3.2477822789417266,105.15948373734352
2.7552761669501056,2.764474464997246,3.667703545060002,49.89375546736793
-0.46711165251972364,1.5616183768107152,-2.1752125602297334,5.545378342262389
0.2439026932758006,-3.225712305302931,4.504591705752958,44.94112103496986
-0.5923725306177188,0.45026918896938284,0.8162229298919357,14.702556422880344
-0.99236939124674,4.846697395245082,-0.6338581023123391,10.293587069172712
0.5964033130821793,4.373880664971189,0.8008883466945456,8.917790096618697
-3.447597540692875,-4.568262642029883,0.16698385226267742,61.901274627059856
-3.1807186950472888,-3.3518518427056287,2.5877625375732514,69.58335805726787
3.617856210135173,-3.6827122654543807,-2.1750393402714776,30.119371592331376
4.461154621336327,2.2597990998529554,-1.469496083996976,7.248624434182447
-1.2669068372024705,3.1778532985694508,3.9409430253325066,54.73456111745817
-2.292553268564462,-2.8648863368932806,4.464565131504054,55.45660007822617
1.4399954323901571,0.058526929518290416,3.9255822748647446,48.57190934705552
-0.9126582890190358,3.407030280112,-0.805520060426864,14.358846295510812
-4.746136443396551,2.328015447662506,2.803655030068817,146.57631046989113
-3.4384740263380964,0.4223720549184833,-0.23664266698901226,64.97188731970951
2.1597222884739757,0.9034769045877287,-0.024601478538977872,22.93990225254423
1.5892394191015136,0.08360546916279965,-2.9531989094271607,14.178960985573024
-4.729040074965165,-2.0245154868117945,0.911303032585165,127.02189223967206
-2.780278380670506,0.6502199285901611,-3.138641022466521,39.04374198315928
-2.689252034119286,1.8888530205009069,-1.6843530093280625,48.817825777508645
1.7189274359872844,3.7332291586080775,3.5503020161993515,34.301762210721094
-4.802894622456359,1.3629135397924808,-2.9292419078914476,131.7562188248431
-3.9589141801542613,2.61121537043158,-4.288417148265672,75.30057707296898
2.999160853731894,-3.39928365045427,-4.309924073871837,0.825112455293031
-3.214553379456664,-0.3844252558021015,4.407845205031078,88.84723664755535
1.5274610785187468,-4.906683801729067,0.06920437961834658,4.851420391778179
-2.618172189532735,-2.53321135478377,-0.9058792818298169,18.609687445815382
-4.005586072406548,2.2646171511300484,3.1087858100791834,110.2885956425821
-2.5682780900054594,4.918099513493635,3.3582592791051606,56.349981485885465
2.2226693185565916,-4.008219004127841,-1.678089668843954,21.37549278897806
3.5569646810628583,-0.9850568413871175,1.9361805747379526,15.624578504081622
3.3021986456699164,3.000709686991595,2.711228158518866,45.65447030163136
-1.0281647038154516,-2.9596436537110113,1.5465068686595451,16.089808496468553
1.6808513657064612,0.5508494930228629,-3.4840492519990063,17.000975341236135
-2.9501570458417903,2.330712960296748,3.7588308351705706,84.24338887589343
-2.0685226973898674,1.1598545026017906,0.3909455273600866,25.628805572884204
3.963358185211197,-3.119752653845839,-2.1752757362999633,30.906351619089087
-4.86998076489264,-1.446154313142606,-0.747718145623061,114.77873453457643
-4.14491469145532,2.8379178448539726,-4.624289096010926,78.8079810743076
-2.921137448539727,0.5422651413201667,-3.7213319877758244,42.16302604078012
-4.734677961261803,-4.947703864570872,2.655467505158608,150.87917589669038
-3.185645649102027,2.6099076002809385,-4.999883652446338,40.30772342292209
0.8304156096969217,-4.646886450597609,-0.8343417151770787,9.097375440619516
-0.7857544940750207,2.4573378273123216,0.2251018108558842,11.37044674237947
3.926717110769749,-2.975194398347626,-4.453655799990277,-0.4988182514136528
3.1744356173844093,4.5807348011938025,4.730781629723328,40.60988518429297
-1.5818264830212403,-1.3205924869791552,-2.738746687503281,-0.6645335967813626
-2.405765665687075,-1.730683836619209,-1.9580128036371915,5.453405616481518
-1.2030759183273307,-3.511119496675553,-1.9605748774497265,-1.8963873196034928
0.9029494251480772,-1.9439578450978514,-2.695833378826501,-10.396080857533065
-2.3193635917712374,3.766507618282006,-4.985261779136886,9.929028717830846
1.2414890784913402,4.963343376272473,2.2934479408799637,21.383142402347744
-0.9058834780875955,-1.3169046949315169,4.668454997992853,41.50189100034402
0.5204718085198028,-0.5138936904545748,-2.757065167149549,-4.175755518677539
-0.6387347086468331,2.220709382027371,1.6304719180342246,14.051568263810925
-2.0553424045808235,3.8619578046507446,2.4189632695871506,23.10213572181672
4.484533069621566,0.9304433418678411,3.484253790905248,46.65593468047647
2.636057941597608,-1.0847430182217064,-0.7737080298639087,6.531311916862737
-3.5988682423354748,-0.8737815915137626,-1.9706909435957076,50.42230412666093
3.6846797589791276,1.9561814649680684,-1.747048659769689,14.678315971894067
-0.12568801750486358,-4.967817363957213,2.126213330985128,13.91277935446599
3.9455222689409144,1.1958933745984073,3.167794665056361,44.57171571200503
2.9985525594731524,-1.445069895586426,-3.1838603224339734,4.698988333332908
-0.7478649553076657,2.941973312770843,-1.2905899184223477,11.387816556702298
-4.775306916798826,-4.070093601768678,4.0194019674915005,139.14576382244778
-2.313226406150539,0.8820226694839048,3.0669351969473926,50.79744797203344
0.4163421466086694,-0.19027110113876233,4.848584027624758,50.24981366181338
1.3347821982614727,1.423255259052274,2.5424825968208076,32.283975666191274
-2.421123145667977,-4.351464055170316,-1.0680479897207773,8.76714482096443
-3.6064392592717587,0.7998378742813124,0.9063783399463778,71.4561730059616
3.3493023679929905,0.6148458795952374,1.610142542473203,38.00789491103467
4.844021807035521,0.6066009441617091,-4.21544183682876,24.939148643313878
0.25690182302685827,1.034876665964548,0.4449695910386513,13.535039444770083
-3.2832071415169652,1.7646793722636218,2.0932082847260958,62.500193493593905
-2.2769267348063105,3.049889996807698,-3.326786959989396,26.027793626400925
-4.816093234525333,-2.3017927987178566,2.8063171742555717,140.1750274299279
4.142988065604991,3.250494101800621,0.8377278051411166,45.46388698998694
-3.8224891710985887,-0.017443177365463747,4.522217856975946,116.306208059138
0.7651647551425356,-4.229417208656688,-4.575777017931083,-4.364116782683676
-2.25944779312794,-4.4144907075602084,-2.3467386244453303,8.287565756285883
0.5417800251579337,-1.6576168130393922,1.0155387929982407,-9.423750111307474
1.5142038835186424,2.8489697711146755,-2.0344008779406932,5.781329604703441
3.297418037072017,2.0768093474091573,2.144241640712422,45.570928036163224
-2.935787282393968,2.886149646724064,2.59005282521931,54.75216868482637
-4.8900417134151954,0.17269056441609365,-3.9748403593352553,134.26028376717866
-3.6311436993119273,-0.5980100204450949,0.1385446420676768,66.21367070995969
4.00018641848105,-3.5254747329371607,0.08890555591055893,15.292957484901477
3.7389007756251527,-1.7180724639068847,-1.3071922978445896,13.720554896780643
0.9741310217030827,-0.6598063382612471,4.329248625696721,38.1498858654024
1.005168604336534,-4.113995703203828,3.2750631987322123,31.337213543698212
1.6503667454625548,-2.7938804728878877,1.9720938190963677,10.88028050196979
-3.246287213765504,0.9822529406373883,2.143266357349976,65.64002381756097
4.144119459249598,2.3566311423918984,-0.3828385618688088,20.237806313913342
-0.8122947510792686,4.983475113929497,4.209945210965758,47.46841206623048
-1.1686147175050254,4.331133313435577,1.9459542725328536,10.364172616776763
0.18917705282837538,1.425651995351915,2.2898106165581646,22.583838234656447
-4.53034033224945,-0.7875194670592798,3.6169090378734516,128.03152529183924
-3.337166312439206,1.3617736470823267,-2.25928410657809,67.72923112221483
2.3803361642637046,2.85651618080232,3.0707090386670295,44.0262759617493
-4.172013320748736,-3.816638090766127,-3.04759397043508,85.06059852584667
1.0315210946638818,-0.9009511030371176,-1.5465804775511218,-5.687958982458914
-2.5465089031867905,3.3980228563561727,-1.6438954573015732,45.89643959041195
-1.1070438595802345,-1.1616704806695601,4.785254683891406,44.92095819823323
-2.1130626322930013,0.7187227122718651,3.5653722374792682,53.849854475878885
-1.4432728353505087,0.877693608621982,2.0116986159025974,23.214332753321948
2.1904590518424545,-3.155237468663606,2.270567616153901,13.340099732635519
-2.0287828437682496,-1.3776455834771162,0.6207279440257105,13.18665741029256
0.6640464029689719,-1.6548871125806786,4.47090667108519,33.64726469763388
-0.23949597800900335,-4.738032914679352,-0.0374124711763848,6.447314848929194
1.636711653626481,-4.758082361086448,-1.1948229013010545,13.463442631960813
4.36829739324758,3.3169704367577353,-3.36964663068409,28.95674041730483
2.325720972102503,-2.2692919002718757,2.8620565226105796,22.276634063728835
-2.850596214092432,0.18078766238815458,2.3444393207559147,57.325480741547786
-4.688168649387153,-2.0127442641122695,-1.1564496147586514,96.31845223211789
-2.377359557001749,4.406792451153406,-4.748065860407706,7.629151062138856
0.9507793070025485,-2.4070324113422625,3.3899732771801077,21.639070651740585
-4.485741865157497,-0.7034318726106488,-4.885820165459264,103.115324729564
-0.03633752798763634,3.727302504846019,2.0369977962905095,14.02732334103372
0.9684284891688923,3.4193356679180873,4.70257109726057,51.66445804722226
-1.6575610918303916,-3.1389858215372266,-0.6233867185179651,5.862195168036029
2.7091220374582194,3.0264330979571046,-2.650265950040472,16.15138947002041
-3.934017468662282,-0.41813113262107393,2.0487101004338175,91.68354741850608
-4.248622182641912,-0.17031127914644806,3.171281420155852,117.6319447576612
2.281887562036033,-3.6652002758405624,0.46430316077847333,7.256754408549295
-0.04508683793801538,-4.193984862428754,4.670352752561461,47.00972069984827
1.8840239642773602,2.279393069737652,-4.483312783420389,17.546850609013102
-0.6517266139625377,-0.03538847644700205,0.04795598304528159,4.7845332534938
-2.535979667608932,-0.6314929738482045,2.1845394732255006,40.67480260743039
3.1910231767419965,2.295082286523967,3.626404711491789,51.218917539736275
2.9941587896897923,2.6551289899110975,-3.2074438809220993,25.81827750251607
1.946964708544268,-3.4109183233064644,3.0000348176368146,27.77375699413674
-2.2785486277003733,1.1022514947764126,0.5270707571854523,29.213710199988856
0.902306668690871,-3.6464591772231447,-1.034463180100368,9.388525767983872
-1.3902610305997323,2.5137508602904566,-3.6828497142090644,12.985943951701826
-4.084179266733658,1.5695515626713954,3.652957589089125,126.80592945854991
4.173135754622429,4.56614621083458,-3.4272679182028467,20.770558738993348
-3.631813690810386,-4.310419836435788,-1.9021214079090076,41.49534802707189
4.502373538208024,-4.429452788487457,-2.0995446803756312,37.52253442359512
-0.5399422704204424,-2.1781292530679988,3.714140341908543,26.017259254628545
